<?xml version="1.0" encoding="UTF-8"?><rss version="2.0"
	xmlns:content="http://purl.org/rss/1.0/modules/content/"
	xmlns:dc="http://purl.org/dc/elements/1.1/"
	xmlns:atom="http://www.w3.org/2005/Atom"
	xmlns:sy="http://purl.org/rss/1.0/modules/syndication/"
	
	>
<channel>
	<title>
	Comentários sobre JOHN-HENRIQUE	</title>
	<atom:link href="https://johnhenrique.on.fleek.co/comments/feed" rel="self" type="application/rss+xml" />
	<link>https://johnhenrique.on.fleek.co/</link>
	<description>Desenvolvendo web e móvel sem complicação</description>
	<lastBuildDate>Fri, 17 Jun 2022 02:37:27 +0000</lastBuildDate>
	<sy:updatePeriod>
	hourly	</sy:updatePeriod>
	<sy:updateFrequency>
	1	</sy:updateFrequency>
	<generator>https://wordpress.org/?v=6.0.1</generator>
	<item>
		<title>
		Comentário sobre Como solucionar o erro Adb device unauthorized por John		</title>
		<link>https://johnhenrique.on.fleek.co/erros-e-solucoes/como-solucionar-o-erro-adb-device-unauthorized.html#comment-469</link>

		<dc:creator><![CDATA[John]]></dc:creator>
		<pubDate>Fri, 17 Jun 2022 02:37:27 +0000</pubDate>
		<guid isPermaLink="false">https://johnhenrique.on.fleek.co/?p=99#comment-469</guid>

					<description><![CDATA[Em resposta a &lt;a href=&quot;https://johnhenrique.on.fleek.co/erros-e-solucoes/como-solucionar-o-erro-adb-device-unauthorized.html#comment-465&quot;&gt;Bernardo&lt;/a&gt;.

@ BERNARDO
Até onde sei, não tem jeito, porque do contrário, qualquer conexão permitiria controlar e alterar configurações do dispositivo.

Falopa!]]></description>
			<content:encoded><![CDATA[<p>Em resposta a <a href="https://johnhenrique.on.fleek.co/erros-e-solucoes/como-solucionar-o-erro-adb-device-unauthorized.html#comment-465">Bernardo</a>.</p>
<p>@ BERNARDO<br />
Até onde sei, não tem jeito, porque do contrário, qualquer conexão permitiria controlar e alterar configurações do dispositivo.</p>
<p>Falopa!</p>
]]></content:encoded>
		
			</item>
		<item>
		<title>
		Comentário sobre Como solucionar o erro Adb device unauthorized por John		</title>
		<link>https://johnhenrique.on.fleek.co/erros-e-solucoes/como-solucionar-o-erro-adb-device-unauthorized.html#comment-468</link>

		<dc:creator><![CDATA[John]]></dc:creator>
		<pubDate>Fri, 17 Jun 2022 02:36:33 +0000</pubDate>
		<guid isPermaLink="false">https://johnhenrique.on.fleek.co/?p=99#comment-468</guid>

					<description><![CDATA[Em resposta a &lt;a href=&quot;https://johnhenrique.on.fleek.co/erros-e-solucoes/como-solucionar-o-erro-adb-device-unauthorized.html#comment-464&quot;&gt;João Paulo Vieira&lt;/a&gt;.

@ JOÃO
Infelizmente você causou um &quot;brick&quot;, será necessário levar num técnico para fazer a reinstalação do ROM. Sem iniciar o sistema não tem como usar o fastboot.

Falopa!]]></description>
			<content:encoded><![CDATA[<p>Em resposta a <a href="https://johnhenrique.on.fleek.co/erros-e-solucoes/como-solucionar-o-erro-adb-device-unauthorized.html#comment-464">João Paulo Vieira</a>.</p>
<p>@ JOÃO<br />
Infelizmente você causou um &#8220;brick&#8221;, será necessário levar num técnico para fazer a reinstalação do ROM. Sem iniciar o sistema não tem como usar o fastboot.</p>
<p>Falopa!</p>
]]></content:encoded>
		
			</item>
		<item>
		<title>
		Comentário sobre Como solucionar o erro Adb device unauthorized por Valdemir		</title>
		<link>https://johnhenrique.on.fleek.co/erros-e-solucoes/como-solucionar-o-erro-adb-device-unauthorized.html#comment-467</link>

		<dc:creator><![CDATA[Valdemir]]></dc:creator>
		<pubDate>Mon, 06 Jun 2022 18:40:10 +0000</pubDate>
		<guid isPermaLink="false">https://johnhenrique.on.fleek.co/?p=99#comment-467</guid>

					<description><![CDATA[Muito bom. Me ajudou bastante. Que Deus lhe der muita luz e sabedoria na sua profissão pois assim vc ajuda os necessitado de conhecimentos em progamação.]]></description>
			<content:encoded><![CDATA[<p>Muito bom. Me ajudou bastante. Que Deus lhe der muita luz e sabedoria na sua profissão pois assim vc ajuda os necessitado de conhecimentos em progamação.</p>
]]></content:encoded>
		
			</item>
		<item>
		<title>
		Comentário sobre Como solucionar o erro Adb device unauthorized por Larissa		</title>
		<link>https://johnhenrique.on.fleek.co/erros-e-solucoes/como-solucionar-o-erro-adb-device-unauthorized.html#comment-466</link>

		<dc:creator><![CDATA[Larissa]]></dc:creator>
		<pubDate>Sun, 05 Jun 2022 23:08:23 +0000</pubDate>
		<guid isPermaLink="false">https://johnhenrique.on.fleek.co/?p=99#comment-466</guid>

					<description><![CDATA[Obrigada! Estou tão feliz!! :)]]></description>
			<content:encoded><![CDATA[<p>Obrigada! Estou tão feliz!! 🙂</p>
]]></content:encoded>
		
			</item>
		<item>
		<title>
		Comentário sobre Como solucionar o erro Adb device unauthorized por Bernardo		</title>
		<link>https://johnhenrique.on.fleek.co/erros-e-solucoes/como-solucionar-o-erro-adb-device-unauthorized.html#comment-465</link>

		<dc:creator><![CDATA[Bernardo]]></dc:creator>
		<pubDate>Fri, 20 May 2022 15:14:01 +0000</pubDate>
		<guid isPermaLink="false">https://johnhenrique.on.fleek.co/?p=99#comment-465</guid>

					<description><![CDATA[Tem como eu autorizar sem a tela? Não consigo aceitar o popup]]></description>
			<content:encoded><![CDATA[<p>Tem como eu autorizar sem a tela? Não consigo aceitar o popup</p>
]]></content:encoded>
		
			</item>
		<item>
		<title>
		Comentário sobre Como solucionar o erro Adb device unauthorized por João Paulo Vieira		</title>
		<link>https://johnhenrique.on.fleek.co/erros-e-solucoes/como-solucionar-o-erro-adb-device-unauthorized.html#comment-464</link>

		<dc:creator><![CDATA[João Paulo Vieira]]></dc:creator>
		<pubDate>Mon, 16 May 2022 19:54:51 +0000</pubDate>
		<guid isPermaLink="false">https://johnhenrique.on.fleek.co/?p=99#comment-464</guid>

					<description><![CDATA[Podem me ajudar por favor, meu celular instalei um rom original asus,mas chegou em 80% desligou o cel e não abriu mais. ocorre que ele liga normalmente mas não da imagem, a tela acende bem fraquinha,  me impedindo de autorizar o debug usb e entregar em qualquer configuração. Pra piorar, não consigo entrar tambem em fastboot e nem modo recovery. Estou tentando instalar via adb uma rom de recuperação, reconhece o aparelho, mas está 012...... unauthorized. Existe algum comando para que eu possa liberar , sem entrar em debug usb? obrigado]]></description>
			<content:encoded><![CDATA[<p>Podem me ajudar por favor, meu celular instalei um rom original asus,mas chegou em 80% desligou o cel e não abriu mais. ocorre que ele liga normalmente mas não da imagem, a tela acende bem fraquinha,  me impedindo de autorizar o debug usb e entregar em qualquer configuração. Pra piorar, não consigo entrar tambem em fastboot e nem modo recovery. Estou tentando instalar via adb uma rom de recuperação, reconhece o aparelho, mas está 012&#8230;&#8230; unauthorized. Existe algum comando para que eu possa liberar , sem entrar em debug usb? obrigado</p>
]]></content:encoded>
		
			</item>
		<item>
		<title>
		Comentário sobre Como solucionar o erro Adb device unauthorized por John		</title>
		<link>https://johnhenrique.on.fleek.co/erros-e-solucoes/como-solucionar-o-erro-adb-device-unauthorized.html#comment-461</link>

		<dc:creator><![CDATA[John]]></dc:creator>
		<pubDate>Wed, 27 Apr 2022 04:42:11 +0000</pubDate>
		<guid isPermaLink="false">https://johnhenrique.on.fleek.co/?p=99#comment-461</guid>

					<description><![CDATA[Em resposta a &lt;a href=&quot;https://johnhenrique.on.fleek.co/erros-e-solucoes/como-solucionar-o-erro-adb-device-unauthorized.html#comment-460&quot;&gt;Leonardo Santos&lt;/a&gt;.

@ LEONARDO
Provavelmente está havendo algum problema com o cabo ou o dispositivo não está conseguindo concluir a comunicação, neste caso, você pode tentar fazer o Hard reset ou restaurar configurações de fabrica.

Falopa!]]></description>
			<content:encoded><![CDATA[<p>Em resposta a <a href="https://johnhenrique.on.fleek.co/erros-e-solucoes/como-solucionar-o-erro-adb-device-unauthorized.html#comment-460">Leonardo Santos</a>.</p>
<p>@ LEONARDO<br />
Provavelmente está havendo algum problema com o cabo ou o dispositivo não está conseguindo concluir a comunicação, neste caso, você pode tentar fazer o Hard reset ou restaurar configurações de fabrica.</p>
<p>Falopa!</p>
]]></content:encoded>
		
			</item>
		<item>
		<title>
		Comentário sobre Como solucionar o erro Adb device unauthorized por Leonardo Santos		</title>
		<link>https://johnhenrique.on.fleek.co/erros-e-solucoes/como-solucionar-o-erro-adb-device-unauthorized.html#comment-460</link>

		<dc:creator><![CDATA[Leonardo Santos]]></dc:creator>
		<pubDate>Fri, 22 Apr 2022 02:49:35 +0000</pubDate>
		<guid isPermaLink="false">https://johnhenrique.on.fleek.co/?p=99#comment-460</guid>

					<description><![CDATA[O meu tá escrito authorizing e nao sai disso, conecto e desconecto o cabo de celular, a depuracao usb e continua assim.
Em nenhum momento ele pediu pra mim aceitar algo no telefone, o que eu faço?]]></description>
			<content:encoded><![CDATA[<p>O meu tá escrito authorizing e nao sai disso, conecto e desconecto o cabo de celular, a depuracao usb e continua assim.<br />
Em nenhum momento ele pediu pra mim aceitar algo no telefone, o que eu faço?</p>
]]></content:encoded>
		
			</item>
		<item>
		<title>
		Comentário sobre Widi Land NFT &#8211; Como jogar grátis por John		</title>
		<link>https://johnhenrique.on.fleek.co/nft/widi-land-nft-como-jogar-gratis.html#comment-457</link>

		<dc:creator><![CDATA[John]]></dc:creator>
		<pubDate>Fri, 25 Mar 2022 14:14:36 +0000</pubDate>
		<guid isPermaLink="false">https://johnhenrique.on.fleek.co/?p=9530#comment-457</guid>

					<description><![CDATA[Em resposta a &lt;a href=&quot;https://johnhenrique.on.fleek.co/nft/widi-land-nft-como-jogar-gratis.html#comment-456&quot;&gt;FazRe&lt;/a&gt;.

@FazRe você não precisa comprar $WIDI para jogar mas, se desejar comprar NFTs do jogo ai sim, será necessário comprar algumas $WIDIs. Para comprar basta pegar o contrato na Coin Market Cap https://coinmarketcap.com/pt-br/currencies/widiland/]]></description>
			<content:encoded><![CDATA[<p>Em resposta a <a href="https://johnhenrique.on.fleek.co/nft/widi-land-nft-como-jogar-gratis.html#comment-456">FazRe</a>.</p>
<p>@FazRe você não precisa comprar $WIDI para jogar mas, se desejar comprar NFTs do jogo ai sim, será necessário comprar algumas $WIDIs. Para comprar basta pegar o contrato na Coin Market Cap <a href="https://coinmarketcap.com/pt-br/currencies/widiland/" rel="nofollow ugc">https://coinmarketcap.com/pt-br/currencies/widiland/</a></p>
]]></content:encoded>
		
			</item>
		<item>
		<title>
		Comentário sobre Widi Land NFT &#8211; Como jogar grátis por FazRe		</title>
		<link>https://johnhenrique.on.fleek.co/nft/widi-land-nft-como-jogar-gratis.html#comment-456</link>

		<dc:creator><![CDATA[FazRe]]></dc:creator>
		<pubDate>Mon, 14 Mar 2022 03:46:52 +0000</pubDate>
		<guid isPermaLink="false">https://johnhenrique.on.fleek.co/?p=9530#comment-456</guid>

					<description><![CDATA[Gostei das suas informações. Mas preciso saber como comprar a moeda WIDI.]]></description>
			<content:encoded><![CDATA[<p>Gostei das suas informações. Mas preciso saber como comprar a moeda WIDI.</p>
]]></content:encoded>
		
			</item>
	</channel>
</rss>

<!--
Performance optimized by W3 Total Cache. Learn more: https://www.boldgrid.com/w3-total-cache/

Page Caching using disk: enhanced (Page is feed) 
Minified using disk
Database Caching using disk

Served from: johnhenrique.com.br @ 2022-08-22 03:13:51 by W3 Total Cache
-->