<?xml version="1.0" encoding="UTF-8"?><rss version="2.0"
	xmlns:content="http://purl.org/rss/1.0/modules/content/"
	xmlns:wfw="http://wellformedweb.org/CommentAPI/"
	xmlns:dc="http://purl.org/dc/elements/1.1/"
	xmlns:atom="http://www.w3.org/2005/Atom"
	xmlns:sy="http://purl.org/rss/1.0/modules/syndication/"
	xmlns:slash="http://purl.org/rss/1.0/modules/slash/"
	>

<channel>
	<title>Empreendedorismo | JOHN-HENRIQUE</title>
	<atom:link href="https://johnhenrique.on.fleek.co/categoria/empreendedorismo/feed" rel="self" type="application/rss+xml" />
	<link>https://johnhenrique.on.fleek.co/</link>
	<description>Desenvolvendo web e móvel sem complicação</description>
	<lastBuildDate>Thu, 22 Jul 2021 19:46:19 +0000</lastBuildDate>
	<language>pt-BR</language>
	<sy:updatePeriod>
	hourly	</sy:updatePeriod>
	<sy:updateFrequency>
	1	</sy:updateFrequency>
	<generator>https://wordpress.org/?v=6.0.1</generator>

<image>
	<url>https://johnhenrique.on.fleek.co/wp-content/uploads/2020/10/cropped-logo-johnhenrique-icone-32x32.png</url>
	<title>Empreendedorismo | JOHN-HENRIQUE</title>
	<link>https://johnhenrique.on.fleek.co/</link>
	<width>32</width>
	<height>32</height>
</image> 
	<item>
		<title>MEI &#8211; Abrir conta bancária de pessoa jurídica</title>
		<link>https://johnhenrique.on.fleek.co/empreendedorismo/mei-abrir-conta-bancaria-de-pessoa-juridica.html</link>
					<comments>https://johnhenrique.on.fleek.co/empreendedorismo/mei-abrir-conta-bancaria-de-pessoa-juridica.html#comments</comments>
		
		<dc:creator><![CDATA[John]]></dc:creator>
		<pubDate>Sat, 09 Jan 2016 21:52:26 +0000</pubDate>
				<category><![CDATA[Empreendedorismo]]></category>
		<category><![CDATA[Abrir conta bancária]]></category>
		<category><![CDATA[MEI]]></category>
		<guid isPermaLink="false">https://johnhenrique.on.fleek.co/?p=22</guid>

					<description><![CDATA[<p>Se você já se formalizou no MEI uma das primeiras dúvidas é como abrir conta bancária? principalmente porque sem a conta da sua empresa não é possível obter recursos financeiros como empréstimos, cartões de crédito e talão de cheques. Se você ainda está pensando em se registrar no MEI veja quem pode e quem não pode entrar&#8230; <a class="more-link" href="https://johnhenrique.on.fleek.co/empreendedorismo/mei-abrir-conta-bancaria-de-pessoa-juridica.html">Continuar lendo <span class="screen-reader-text">MEI &#8211; Abrir conta bancária de pessoa jurídica</span></a></p>
<p>The post <a href="https://johnhenrique.on.fleek.co/empreendedorismo/mei-abrir-conta-bancaria-de-pessoa-juridica.html">MEI – Abrir conta bancária de pessoa jurídica</a> first appeared on <a href="https://johnhenrique.on.fleek.co/">JOHN-HENRIQUE</a>.</p>]]></description>
										<content:encoded><![CDATA[<div class="brz-root__container brz-reset-all"><section data-uid="ldhuwuhdvedkuyrcaegoizodavafdriuznnq" id="ldhuwuhdvedkuyrcaegoizodavafdriuznnq" class="brz-section brz-css-ldhqi"><div class="brz-section__content brz-section--boxed brz-css-snfbl brz-css-zvifa" data-custom-id="nzpmyalyuxfenfgzbnuzueejyefhvakwxaaf"><div class="brz-bg"><div class="brz-bg-color"></div></div><div class="brz-container brz-css-kjmas"><div class="brz-row__container brz-css-sxfnn" data-custom-id="sdchrqwfedjyjovkatqniqfyiwecejyajxwn"><div class="brz-row brz-css-ghxyi brz-css-qtdyq"><div class="brz-columns brz-css-vyxvc brz-css-gkxol" data-custom-id="oqkxoazfuovqirfkvsmrgmrfjauivhaosedq"><div class="brz-column__items brz-css-ulnnp brz-css-fksbr"><div class="brz-css-rfjgv brz-css-xyipm brz-wrapper"><div class="brz-image brz-css-upvtu"><a class="brz-a" href="https://johnhenrique.on.fleek.co/" data-brz-link-type="external" id data-custom-id="hrorpwqfqsizflerhqbfzzuhvgeuyzygedyh"><picture class="brz-picture brz-d-block brz-p-relative brz-css-dxbdb"><source srcset="https://johnhenrique.on.fleek.co/wp-content/uploads/brizy/imgs/logo-john-bl-205x44x0x0x205x43x1600754613.png 1x, https://johnhenrique.on.fleek.co/wp-content/uploads/brizy/imgs/logo-john-bl-410x88x0x0x410x86x1600754613.png 2x" media="(min-width: 992px)"><source srcset="https://johnhenrique.on.fleek.co/wp-content/uploads/brizy/imgs/logo-john-bl-116x25x0x0x116x25x1600754613.png 1x, https://johnhenrique.on.fleek.co/wp-content/uploads/brizy/imgs/logo-john-bl-232x50x0x0x232x50x1600754613.png 2x" media="(min-width: 768px)"><img class="brz-img" srcset="https://johnhenrique.on.fleek.co/wp-content/uploads/brizy/imgs/logo-john-bl-245x53x0x0x245x53x1600754613.png 1x, https://johnhenrique.on.fleek.co/wp-content/uploads/brizy/imgs/logo-john-bl-490x106x0x0x490x106x1600754613.png 2x" src="https://johnhenrique.on.fleek.co/wp-content/uploads/brizy/imgs/logo-john-bl-205x44x0x0x205x43x1600754613.png" alt="" draggable="false" loading="lazy"></picture></a></div></div></div></div><div class="brz-columns brz-css-vyxvc brz-css-gstku" data-custom-id="xcolacsmvqsvymkdxicgbeawtefvsivkylet"><div class="brz-column__items brz-css-ulnnp brz-css-zlmgm"><div class="brz-css-rfjgv brz-css-iwmbg brz-wrapper"><div class="brz-menu__container brz-css-pqodt" data-mmenu-id="#onsesgpcsbiwxmdjwydopixmcwfmvpywhbnv" data-mmenu-position="position-left" data-mmenu-title="Menu" data-custom-id="rldtgogrkylvqqyhiwjobnermguclsmopvqx"><nav class="brz-menu brz-menu__preview brz-css-wmngu brz-css-xsvra"><ul class="brz-menu__ul" data-menu-items-active="c1cee806b5e64acc9d3a02b5ccb4efc1,400ad601ffb7edfbd719da3ac39ac1ba"><li class="brz-menu__item" data-menu-item-id="011e9814f479db15a13bf31c2b261431"><a class="brz-a menu-item menu-item-type-custom menu-item-object-custom menu-item-home" href="https://johnhenrique.on.fleek.co/" data-brz-link-type="external" id><span class="brz-span">Início</span></a></li><li class="brz-menu__item" data-menu-item-id="19f9c0005d11ac28d6b1353a055309bd"><a class="brz-a menu-item menu-item-type-taxonomy menu-item-object-category" href="https://johnhenrique.on.fleek.co/categoria/tecnologia" data-brz-link-type="external" id><span class="brz-span">Tecnologia</span></a></li><li class="brz-menu__item" data-menu-item-id="8a707534212fa973fdc6c304f093ce17"><a class="brz-a menu-item menu-item-type-taxonomy menu-item-object-category" href="https://johnhenrique.on.fleek.co/categoria/nft" data-brz-link-type="external" id><span class="brz-span">NFT</span></a></li><li class="brz-menu__item" data-menu-item-id="b002bd780a592ce63739d4e0e4ff4937"><a class="brz-a menu-item menu-item-type-taxonomy menu-item-object-category" href="https://johnhenrique.on.fleek.co/categoria/erros-e-solucoes" data-brz-link-type="external" id><span class="brz-span">Erros e soluções</span></a></li><li class="brz-menu__item" data-menu-item-id="fc22145e893373c094561d04307bb5ea"><a class="brz-a menu-item menu-item-type-taxonomy menu-item-object-category" href="https://johnhenrique.on.fleek.co/categoria/livre" data-brz-link-type="external" id><span class="brz-span">Livre</span></a></li><li class="brz-menu__item brz-menu__item--current brz-menu__item-dropdown" data-menu-item-id="400ad601ffb7edfbd719da3ac39ac1ba"><a class="brz-a menu-item menu-item-type-taxonomy menu-item-object-category current-menu-item" href="https://johnhenrique.on.fleek.co/categoria/financas" data-brz-link-type="external" id><span class="brz-span">Finanças</span></a></li></ul></nav><div class="brz-mm-menu__icon"><svg xmlns="http://www.w3.org/2000/svg" viewbox="0 0 16 16" class="brz-icon-svg" data-type="editor" data-name="menu-3"><g fill="currentColor" fill-rule="nonzero"><path d="M15 7H1c-.6 0-1 .4-1 1s.4 1 1 1h14c.6 0 1-.4 1-1s-.4-1-1-1zM15 2H1c-.6 0-1 .4-1 1s.4 1 1 1h14c.6 0 1-.4 1-1s-.4-1-1-1zM15 12H1c-.6 0-1 .4-1 1s.4 1 1 1h14c.6 0 1-.4 1-1s-.4-1-1-1z"/></g></svg>
</div></div></div></div></div></div></div></div></div></section><section data-uid="ehjovmjttcsagvcfdywwqrtksvilpedpifze" id="ehjovmjttcsagvcfdywwqrtksvilpedpifze" class="brz-section brz-css-ldhqi"><div class="brz-section__content brz-section--boxed brz-css-snfbl brz-css-krmtv" data-custom-id="lovosfkkckjibpqpornynunxvdanvjoleqbg"><div class="brz-bg"><div class="brz-bg-image"></div><div class="brz-bg-color"></div></div><div class="brz-container brz-css-kjmas"><div class="brz-css-rfjgv brz-css-vrzod brz-wrapper"><div class="brz-spacer brz-css-kxgbr brz-css-tkjce"></div></div><div class="brz-row__container brz-css-sxfnn" data-custom-id="lewgilerbneesuqogrrbiabkcinfxzocyjcq"><div class="brz-row brz-css-ghxyi brz-css-iltwe"><div class="brz-columns brz-css-vyxvc brz-css-ovgfp" data-custom-id="rmlegsgfyimugilfnsakscslzqoyskxsfwyj"><div class="brz-column__items brz-css-ulnnp brz-css-fgdrw"><div class="brz-css-rfjgv brz-css-vrzod brz-css-aenyz brz-wrapper"><div class="brz-spacer brz-css-kxgbr brz-css-urumd"></div></div><div class="brz-css-rfjgv brz-css-gdgbi brz-wrapper"><div class="brz-rich-text brz-rich-text__custom brz-css-mfoyd" data-custom-id="hqrhevjmmbhnxgkqbaiotrrainvlarzahjyh"><div><h1 class="brz-css-jojlt"><span class="brz-cp-color8">Posts em </span><strong class="brz-cp-color8"><span class="text-population" data-population="brizy_dc_archive_title">Empreendedorismo</span> </strong></h1></div></div></div><div class="brz-css-rfjgv brz-css-lgevr brz-wrapper"><div class="brz-rich-text brz-rich-text__custom brz-css-mfoyd" data-custom-id="vayzwlppvdsmwdwkkhodwfoacoanobceanii"><div><p class="brz-css-fzwlp"><span class="text-population brz-cp-color5" data-population="brizy_dc_archive_description" style="background-color: initial; opacity: 0.8;"></span><span style="background-color: initial; opacity: 0.8;" class="brz-cp-color5">  </span></p></div></div></div><div class="brz-css-rfjgv brz-css-vrzod brz-wrapper"><div class="brz-spacer brz-css-kxgbr brz-css-hpqak"></div></div></div></div></div></div></div></div></section><section data-uid="jfrequqwijxajcrqmpihiyhplxmxzbikwzhw" id="treinamentos" class="brz-section brz-css-ldhqi"><div class="brz-section__content brz-section--boxed brz-css-snfbl brz-css-ngfrj" data-custom-id="ddfqawulfmotwamsxajcrjdbgwqzsirmxsvy"><div class="brz-bg"><div class="brz-bg-color"></div></div><div class="brz-container brz-css-kjmas"><div class="brz-css-rfjgv brz-css-slcpr brz-wrapper"><div class="brz-posts brz-css-kralm" data-custom-id="itjzlkduxemgewyntkkpszvljypehvrfhoii"><div class="brz-posts__wrapper"><div class="brz-posts__item"><div class="brz-columns brz-css-vyxvc brz-css-ailbi brz-css-gwoxa" data-custom-id="ssgxzjkbddknowdpxiyotsuvmngxagsemlur"><div class="brz-column__items brz-css-ulnnp brz-css-gqdca"><div class="brz-css-rfjgv brz-css-nlurz brz-wrapper"><div class="brz-image brz-css-ewvam brz-css-cxzyl"><a class="brz-a" href="https://johnhenrique.on.fleek.co/empreendedorismo/mei-abrir-conta-bancaria-de-pessoa-juridica.html" data-brz-link-type="external" id data-custom-id="kvosvbgnanflvjdyboxwjdfrhfwfqqpremew"><picture class="brz-picture brz-d-block brz-p-relative brz-css-eypuy"><source srcset="https://johnhenrique.on.fleek.co/wp-content/plugins/brizy-pro/public/images/no-image.png 1x, https://johnhenrique.on.fleek.co/wp-content/plugins/brizy-pro/public/images/no-image.png 2x" media="(min-width: 992px)"><source srcset="https://johnhenrique.on.fleek.co/wp-content/plugins/brizy-pro/public/images/no-image.png 1x, https://johnhenrique.on.fleek.co/wp-content/plugins/brizy-pro/public/images/no-image.png 2x" media="(min-width: 768px)"><img class="brz-img" srcset="https://johnhenrique.on.fleek.co/wp-content/plugins/brizy-pro/public/images/no-image.png 1x, https://johnhenrique.on.fleek.co/wp-content/plugins/brizy-pro/public/images/no-image.png 2x" src="https://johnhenrique.on.fleek.co/wp-content/plugins/brizy-pro/public/images/no-image.png" alt="" draggable="false" loading="lazy"></picture></a></div></div><div class="brz-css-rfjgv brz-css-hbprq brz-wrapper"><div class="brz-wp-title brz-css-emgbh brz-css-nttzx" data-custom-id="jkmyzehtjotcgubamqfblsdjhcstqxryipen"><a class="brz-a" href="https://johnhenrique.on.fleek.co/empreendedorismo/mei-abrir-conta-bancaria-de-pessoa-juridica.html" data-brz-link-type="external" id><span class="brz-wp-title-content" style="min-height:20px">MEI &#8211; Abrir conta bancária de pessoa jurídica</span></a></div></div></div></div></div><div class="brz-posts__item"><div class="brz-columns brz-css-vyxvc brz-css-ailbi brz-css-gwoxa" data-custom-id="ssgxzjkbddknowdpxiyotsuvmngxagsemlur"><div class="brz-column__items brz-css-ulnnp brz-css-gqdca"><div class="brz-css-rfjgv brz-css-nlurz brz-wrapper"><div class="brz-image brz-css-ewvam brz-css-cxzyl"><a class="brz-a" href="https://johnhenrique.on.fleek.co/empreendedorismo/microempreendedor-individual-mei-chegou-a-hora-de-abrir-sua-empresa.html" data-brz-link-type="external" id data-custom-id="kvosvbgnanflvjdyboxwjdfrhfwfqqpremew"><picture class="brz-picture brz-d-block brz-p-relative brz-css-eypuy"><source srcset="https://johnhenrique.on.fleek.co/wp-content/plugins/brizy-pro/public/images/no-image.png 1x, https://johnhenrique.on.fleek.co/wp-content/plugins/brizy-pro/public/images/no-image.png 2x" media="(min-width: 992px)"><source srcset="https://johnhenrique.on.fleek.co/wp-content/plugins/brizy-pro/public/images/no-image.png 1x, https://johnhenrique.on.fleek.co/wp-content/plugins/brizy-pro/public/images/no-image.png 2x" media="(min-width: 768px)"><img class="brz-img" srcset="https://johnhenrique.on.fleek.co/wp-content/plugins/brizy-pro/public/images/no-image.png 1x, https://johnhenrique.on.fleek.co/wp-content/plugins/brizy-pro/public/images/no-image.png 2x" src="https://johnhenrique.on.fleek.co/wp-content/plugins/brizy-pro/public/images/no-image.png" alt="" draggable="false" loading="lazy"></picture></a></div></div><div class="brz-css-rfjgv brz-css-hbprq brz-wrapper"><div class="brz-wp-title brz-css-emgbh brz-css-nttzx" data-custom-id="jkmyzehtjotcgubamqfblsdjhcstqxryipen"><a class="brz-a" href="https://johnhenrique.on.fleek.co/empreendedorismo/microempreendedor-individual-mei-chegou-a-hora-de-abrir-sua-empresa.html" data-brz-link-type="external" id><span class="brz-wp-title-content" style="min-height:20px">Microempreendedor individual (MEI) &#8211; Chegou a hora de abrir sua empresa!</span></a></div></div></div></div></div><div class="brz-posts__item"><div class="brz-columns brz-css-vyxvc brz-css-ailbi brz-css-gwoxa" data-custom-id="ssgxzjkbddknowdpxiyotsuvmngxagsemlur"><div class="brz-column__items brz-css-ulnnp brz-css-gqdca"><div class="brz-css-rfjgv brz-css-nlurz brz-wrapper"><div class="brz-image brz-css-ewvam brz-css-cxzyl"><a class="brz-a" href="https://johnhenrique.on.fleek.co/empreendedorismo/abrir-empresa-individual.html" data-brz-link-type="external" id data-custom-id="kvosvbgnanflvjdyboxwjdfrhfwfqqpremew"><picture class="brz-picture brz-d-block brz-p-relative brz-css-eypuy"><source srcset="https://johnhenrique.on.fleek.co/wp-content/plugins/brizy-pro/public/images/no-image.png 1x, https://johnhenrique.on.fleek.co/wp-content/plugins/brizy-pro/public/images/no-image.png 2x" media="(min-width: 992px)"><source srcset="https://johnhenrique.on.fleek.co/wp-content/plugins/brizy-pro/public/images/no-image.png 1x, https://johnhenrique.on.fleek.co/wp-content/plugins/brizy-pro/public/images/no-image.png 2x" media="(min-width: 768px)"><img class="brz-img" srcset="https://johnhenrique.on.fleek.co/wp-content/plugins/brizy-pro/public/images/no-image.png 1x, https://johnhenrique.on.fleek.co/wp-content/plugins/brizy-pro/public/images/no-image.png 2x" src="https://johnhenrique.on.fleek.co/wp-content/plugins/brizy-pro/public/images/no-image.png" alt="" draggable="false" loading="lazy"></picture></a></div></div><div class="brz-css-rfjgv brz-css-hbprq brz-wrapper"><div class="brz-wp-title brz-css-emgbh brz-css-nttzx" data-custom-id="jkmyzehtjotcgubamqfblsdjhcstqxryipen"><a class="brz-a" href="https://johnhenrique.on.fleek.co/empreendedorismo/abrir-empresa-individual.html" data-brz-link-type="external" id><span class="brz-wp-title-content" style="min-height:20px">Abrir empresa individual</span></a></div></div></div></div></div></div>                                    
                                                                
                                                        <div class="brz-posts__pagination">
    
</div></div></div></div></div></section><section data-uid="juzycyixxnmujvlbuzkneoirjnoszzypdtii" id="ebooks" class="brz-section brz-css-ldhqi"><div class="brz-section__content brz-section--boxed brz-css-snfbl brz-css-yfwzv" data-custom-id="ryyniawzpwndrhbvzydlvswkkzxcdogtsqyi"><div class="brz-bg"><div class="brz-bg-color"></div></div><div class="brz-container brz-css-kjmas"><div class="brz-css-rfjgv brz-wrapper"><div class="brz-rich-text brz-rich-text__custom brz-css-mfoyd" data-custom-id="xmkplfwnchktudemplfetlgstgusmtcgfogl"><div><p class="brz-css-qcptp"><span class="brz-cp-color7" style="opacity: 0.5;">  </span></p></div></div></div><div class="brz-css-rfjgv brz-css-rppro brz-wrapper"><div class="brz-rich-text brz-rich-text__custom brz-css-mfoyd" data-custom-id="prdqnoydohxihdefnycyykimctxfvudevqdp"><div><p class="brz-css-unpdw"><span class="brz-cp-color2">Aprenda Comigo </span><strong class="brz-cp-color2">Como Entrar No Mercado Digital</strong><span class="brz-cp-color2"> e Ganhar em </span><strong class="brz-cp-color2">M&#xE9;dia R$ 6.100 por m&#xEA;s</strong></p></div></div></div><div class="brz-row__container brz-css-sxfnn" data-custom-id="zovildgujxtiipemugqfgtifvnrvmqywsakd"><div class="brz-row brz-css-ghxyi brz-css-iltwe"><div class="brz-columns brz-css-vyxvc brz-css-tjsgp" data-custom-id="wtcekkbjhqtcpilgnrepeghhlsnkquotwfwx"><div class="brz-bg"><div class="brz-bg-color"></div></div><div class="brz-column__items brz-css-ulnnp brz-css-efcda"><div class="brz-css-rfjgv brz-wrapper"><div class="brz-icon-text brz-css-tkjrr brz-css-wrvnq" data-custom-id="npkliljbvwracdedqgkadeurabpflpzvcarc"><div id class="brz-icon__container" data-custom-id="xnnpxghjimkjfccbbhjbslfhtvarcjhdvotj"><span class="brz-span brz-icon css-15ct115"><svg version="1.1" xmlns="http://www.w3.org/2000/svg" xmlns:xlink="http://www.w3.org/1999/xlink" x="0px" y="0px" viewbox="0 0 24 24" xml:space="preserve" class="brz-icon-svg" data-type="outline" data-name="single-copies"><g transform="translate(0, 0)" class="nc-icon-wrapper" fill="none"><rect x="2" y="9" fill="none" stroke="currentColor" vector-effect="non-scaling-stroke" stroke-linecap="square" stroke-miterlimit="10" width="12" height="14" stroke-linejoin="miter"/> <polyline data-color="color-2" fill="none" stroke="currentColor" vector-effect="non-scaling-stroke" stroke-linecap="square" stroke-miterlimit="10" points=" 6,5 18,5 18,19 " stroke-linejoin="miter"/> <polyline data-color="color-2" fill="none" stroke="currentColor" vector-effect="non-scaling-stroke" stroke-linecap="square" stroke-miterlimit="10" points=" 10,1 22,1 22,15 " stroke-linejoin="miter"/></g></svg></span></div><div class="brz-text-btn"><div class="brz-rich-text brz-rich-text__custom brz-css-mfoyd" data-custom-id="shokhviiiycgzykpujbsbujvukwcxyztgfds"><div><p class="brz-css-dwmws"><span class="brz-cp-color2">Quero Desenvolver Sites Incr&#xED;veis em Poucas Horas, Sem Programar</span></p><p class="brz-css-obvgc"><span class="brz-cp-color7" style="opacity: 0.75;">Aprenda tudo sobre desenvolvimento de sites e lojas virtuais, do zero incluindo negocia&#xE7;&#xE3;o, venda e entrega.</span></p></div></div></div></div></div><div class="brz-wrapper-clone brz-css-idxus"><div class="brz-d-xs-flex brz-flex-xs-wrap brz-css-ennhl"><div class="brz-wrapper-clone__item brz-css-zfeoy" id="vxaymscypfzvsggrywrhspzbvtpvjpkxlsyj"><a class="brz-a brz-btn brz-css-azlds brz-css-fiued" href="https://paginasturbinadas.com.br/" data-brz-link-type="external" id data-custom-id="vxaymscypfzvsggrywrhspzbvtpvjpkxlsyj"><svg version="1.1" xmlns="http://www.w3.org/2000/svg" xmlns:xlink="http://www.w3.org/1999/xlink" x="0px" y="0px" viewbox="0 0 24 24" xml:space="preserve" class="brz-icon-svg brz-css-adluq" data-type="glyph" data-name="tail-right"><g class="nc-icon-wrapper" fill="currentColor"><path fill="currentColor" d="M22.707,11.293L15,3.586L13.586,5l6,6H2c-0.553,0-1,0.448-1,1s0.447,1,1,1h17.586l-6,6L15,20.414 l7.707-7.707C23.098,12.316,23.098,11.684,22.707,11.293z"/></g></svg><span class="brz-span brz-text__editor">É ISSO QUE EU QUERO</span></a></div></div></div></div></div><div class="brz-columns brz-css-vyxvc brz-css-exxgz" data-custom-id="itfqktomhteycmdigavcmdwzrkygccadwgim"><div class="brz-bg"><div class="brz-bg-color"></div></div><div class="brz-column__items brz-css-ulnnp brz-css-lhdbq"><div class="brz-css-rfjgv brz-wrapper"><div class="brz-icon-text brz-css-tkjrr brz-css-zdymp" data-custom-id="uixllwgthfbohsiufrkbfyfjmaztriklnfma"><div id class="brz-icon__container" data-custom-id="qqxyvinwdgiucbkvjpkpvqpiklumxwxlmdku"><span class="brz-span brz-icon css-15djuq3"><svg version="1.1" xmlns="http://www.w3.org/2000/svg" xmlns:xlink="http://www.w3.org/1999/xlink" x="0px" y="0px" viewbox="0 0 24 24" xml:space="preserve" class="brz-icon-svg" data-type="outline" data-name="money-coins"><g transform="translate(0, 0)" class="nc-icon-wrapper" fill="none"><polyline data-cap="butt" data-color="color-2" fill="none" stroke="currentColor" vector-effect="non-scaling-stroke" stroke-miterlimit="10" points="7,13 1,13 1,1 19,1 19,9.171 " stroke-linejoin="miter" stroke-linecap="butt"/> <path data-cap="butt" fill="none" stroke="currentColor" vector-effect="non-scaling-stroke" stroke-miterlimit="10" d="M11,12v4c0,1.657,2.686,3,6,3 s6-1.343,6-3v-4" stroke-linejoin="miter" stroke-linecap="butt"/> <path data-cap="butt" fill="none" stroke="currentColor" vector-effect="non-scaling-stroke" stroke-miterlimit="10" d="M11,16v4c0,1.657,2.686,3,6,3 s6-1.343,6-3v-4" stroke-linejoin="miter" stroke-linecap="butt"/> <ellipse fill="none" stroke="currentColor" vector-effect="non-scaling-stroke" stroke-linecap="square" stroke-miterlimit="10" cx="17" cy="12" rx="6" ry="3" stroke-linejoin="miter"/> <circle data-color="color-2" fill="none" stroke="currentColor" vector-effect="non-scaling-stroke" stroke-linecap="square" stroke-miterlimit="10" cx="10" cy="7" r="1" stroke-linejoin="miter"/> <circle data-color="color-2" data-stroke="none" fill="none" cx="10" cy="7" r="1" stroke-linejoin="miter" stroke-linecap="square"/></g></svg></span></div><div class="brz-text-btn"><div class="brz-rich-text brz-rich-text__custom brz-css-mfoyd" data-custom-id="ijxsqmbsfpqvkmtjfliohzdtlazdjptjysef"><div><p class="brz-css-dbzfz"><span class="brz-cp-color2">Quero Criar Campanhas de Marketing Digital e Vendas Online</span></p><p class="brz-css-yeiux"><span class="brz-cp-color7" style="opacity: 0.75;">Aprenda tudo sobre campanhas de tr&#xE1;fego pago e org&#xE2;nico para vendas online.</span></p></div></div></div></div></div><div class="brz-wrapper-clone brz-css-idxus"><div class="brz-d-xs-flex brz-flex-xs-wrap brz-css-ennhl"><div class="brz-wrapper-clone__item brz-css-zfeoy" id="mbcmanmbstilluetkmquuqegsygiewmvjqik"><a class="brz-a brz-btn brz-css-azlds brz-css-jtndo" href="https://desafioprimeiravenda.com.br/" data-brz-link-type="external" id data-custom-id="mbcmanmbstilluetkmquuqegsygiewmvjqik"><svg version="1.1" xmlns="http://www.w3.org/2000/svg" xmlns:xlink="http://www.w3.org/1999/xlink" x="0px" y="0px" viewbox="0 0 24 24" xml:space="preserve" class="brz-icon-svg brz-css-adluq" data-type="glyph" data-name="tail-right"><g class="nc-icon-wrapper" fill="currentColor"><path fill="currentColor" d="M22.707,11.293L15,3.586L13.586,5l6,6H2c-0.553,0-1,0.448-1,1s0.447,1,1,1h17.586l-6,6L15,20.414 l7.707-7.707C23.098,12.316,23.098,11.684,22.707,11.293z"/></g></svg><span class="brz-span brz-text__editor">É ISSO QUE EU QUERO</span></a></div></div></div></div></div></div></div></div></div></section><section data-uid="diiktxtinlxofkvriaifhybozdumhsszrhem" id="diiktxtinlxofkvriaifhybozdumhsszrhem" class="brz-section brz-css-ldhqi"><div class="brz-section__content brz-section--boxed brz-css-snfbl brz-css-fsdld" data-custom-id="dhyezjnydapozhxzwqrcbdeuycyybmomxwiy"><div class="brz-bg"><div class="brz-bg-color"></div></div><div class="brz-container brz-css-kjmas"><div class="brz-row__container brz-css-sxfnn" data-custom-id="urotkbnzmuazlxztbvwuwobtlzfptddtnwtx"><div class="brz-row brz-css-ghxyi brz-css-efuod"><div class="brz-columns brz-css-vyxvc" data-custom-id="yppupbdbzfkfkiohadggdmamlyhylmbsvunw"><div class="brz-column__items brz-css-ulnnp brz-css-btazp"><div class="brz-css-rfjgv brz-css-ehtqa brz-wrapper"><div class="brz-image brz-css-mrznm"><a class="brz-a" href="https://johnhenrique.on.fleek.co/" data-brz-link-type="external" id data-custom-id="xdzqlpdtgssxskbcxmycisgxyizdauuqcnrn"><picture class="brz-picture brz-d-block brz-p-relative brz-css-avzva"><source srcset="https://johnhenrique.on.fleek.co/wp-content/uploads/brizy/imgs/logo-john-bl-84x18x0x0x84x18x1600754613.png 1x, https://johnhenrique.on.fleek.co/wp-content/uploads/brizy/imgs/logo-john-bl-168x36x0x0x168x36x1600754613.png 2x" media="(min-width: 992px)"><source srcset="https://johnhenrique.on.fleek.co/wp-content/uploads/brizy/imgs/logo-john-bl-177x38x0x0x177x38x1600754613.png 1x, https://johnhenrique.on.fleek.co/wp-content/uploads/brizy/imgs/logo-john-bl-354x76x0x0x354x76x1600754613.png 2x" media="(min-width: 768px)"><img class="brz-img" srcset="https://johnhenrique.on.fleek.co/wp-content/uploads/brizy/imgs/logo-john-bl-237x51x0x0x237x51x1600754613.png 1x, https://johnhenrique.on.fleek.co/wp-content/uploads/brizy/imgs/logo-john-bl-474x102x0x0x474x102x1600754613.png 2x" src="https://johnhenrique.on.fleek.co/wp-content/uploads/brizy/imgs/logo-john-bl-84x18x0x0x84x18x1600754613.png" alt="" draggable="false" loading="lazy"></picture></a></div></div></div></div><div class="brz-columns brz-css-vyxvc" data-custom-id="cmcwshvydvggxtdzjdllcrplouognwutrijy"><div class="brz-column__items brz-css-ulnnp brz-css-vgalx"><div class="brz-wrapper-clone brz-css-idxus"><div class="brz-d-xs-flex brz-flex-xs-wrap brz-css-ennhl brz-css-kjfvl"><div class="brz-wrapper-clone__item brz-css-zfeoy brz-css-eibmt" id="shnjepqqmhkgdsiyyjbsdzzzpknpoyopsgcz"><a class="brz-a brz-anchor brz-btn brz-css-azlds brz-css-dhaxf" href="#tnniaizlfexyewkwcbqpxahbmnvspsuqckbg" data-brz-link-type="anchor" id data-custom-id="shnjepqqmhkgdsiyyjbsdzzzpknpoyopsgcz"><span class="brz-span brz-text__editor">Sobre</span></a></div><div class="brz-wrapper-clone__item brz-css-zfeoy brz-css-eibmt" id="bdgraicbjgdpxidbyvxljwxbxoohayycwycz"><a class="brz-a brz-btn brz-css-azlds brz-css-sfvwg" href="https://johnhenrique.on.fleek.co/politica-de-privacidade-2" data-brz-link-type="external" id data-custom-id="bdgraicbjgdpxidbyvxljwxbxoohayycwycz"><span class="brz-span brz-text__editor">Política de Privacidade</span></a></div></div></div></div></div></div></div><div class="brz-row__container brz-css-sxfnn" data-custom-id="nplnagbqfiqyktzvkpbcqulwjonfvoeuacmm"><div class="brz-row brz-css-ghxyi brz-css-iltwe"><div class="brz-columns brz-css-vyxvc brz-css-hsvsc" data-custom-id="xffcdzcqimboreseexckwomuggrgufwxyxre"><div class="brz-column__items brz-css-ulnnp brz-css-nnzap"><div class="brz-wrapper-clone brz-css-idxus brz-css-zjafu"><div class="brz-d-xs-flex brz-flex-xs-wrap brz-css-ennhl brz-css-efgkr"><div class="brz-wrapper-clone__item brz-css-zfeoy brz-css-ciaqb" id="dbvmxobsvvqdrlkadxdoeqjioaomssuvwych"><div id class="brz-icon__container" data-custom-id="dbvmxobsvvqdrlkadxdoeqjioaomssuvwych"><span class="brz-span brz-icon css-am9i7r"><svg version="1.1" xmlns="http://www.w3.org/2000/svg" xmlns:xlink="http://www.w3.org/1999/xlink" x="0px" y="0px" viewbox="0 0 24 24" xml:space="preserve" class="brz-icon-svg" data-type="glyph" data-name="logo-facebook"><g class="nc-icon-wrapper" fill="currentColor"><path fill="currentColor" d="M22,0H2C0.895,0,0,0.895,0,2v20c0,1.105,0.895,2,2,2h11v-9h-3v-4h3V8.413c0-3.1,1.893-4.788,4.659-4.788 c1.325,0,2.463,0.099,2.795,0.143v3.24l-1.918,0.001c-1.504,0-1.795,0.715-1.795,1.763V11h4.44l-1,4h-3.44v9H22c1.105,0,2-0.895,2-2 V2C24,0.895,23.105,0,22,0z"/></g></svg></span></div></div><div class="brz-wrapper-clone__item brz-css-zfeoy brz-css-ciaqb" id="hwsqcrysuydxpetmoeiouetqrwgoatquunpu"><div id class="brz-icon__container" data-custom-id="hwsqcrysuydxpetmoeiouetqrwgoatquunpu"><span class="brz-span brz-icon css-am9i7r"><svg version="1.1" xmlns="http://www.w3.org/2000/svg" xmlns:xlink="http://www.w3.org/1999/xlink" x="0px" y="0px" viewbox="0 0 24 24" xml:space="preserve" class="brz-icon-svg" data-type="glyph" data-name="logo-instagram"><g class="nc-icon-wrapper" fill="currentColor"><path fill="currentColor" d="M12,2.162c3.204,0,3.584,0.012,4.849,0.07c1.366,0.062,2.633,0.336,3.608,1.311 c0.975,0.975,1.249,2.242,1.311,3.608c0.058,1.265,0.07,1.645,0.07,4.849s-0.012,3.584-0.07,4.849 c-0.062,1.366-0.336,2.633-1.311,3.608c-0.975,0.975-2.242,1.249-3.608,1.311c-1.265,0.058-1.645,0.07-4.849,0.07 s-3.584-0.012-4.849-0.07c-1.366-0.062-2.633-0.336-3.608-1.311c-0.975-0.975-1.249-2.242-1.311-3.608 c-0.058-1.265-0.07-1.645-0.07-4.849s0.012-3.584,0.07-4.849c0.062-1.366,0.336-2.633,1.311-3.608 c0.975-0.975,2.242-1.249,3.608-1.311C8.416,2.174,8.796,2.162,12,2.162 M12,0C8.741,0,8.332,0.014,7.052,0.072 c-1.95,0.089-3.663,0.567-5.038,1.942C0.639,3.389,0.161,5.102,0.072,7.052C0.014,8.332,0,8.741,0,12 c0,3.259,0.014,3.668,0.072,4.948c0.089,1.95,0.567,3.663,1.942,5.038c1.375,1.375,3.088,1.853,5.038,1.942 C8.332,23.986,8.741,24,12,24s3.668-0.014,4.948-0.072c1.95-0.089,3.663-0.567,5.038-1.942c1.375-1.375,1.853-3.088,1.942-5.038 C23.986,15.668,24,15.259,24,12s-0.014-3.668-0.072-4.948c-0.089-1.95-0.567-3.663-1.942-5.038 c-1.375-1.375-3.088-1.853-5.038-1.942C15.668,0.014,15.259,0,12,0L12,0z"/> <path data-color="color-2" fill="currentColor" d="M12,5.838c-3.403,0-6.162,2.759-6.162,6.162S8.597,18.162,12,18.162s6.162-2.759,6.162-6.162 S15.403,5.838,12,5.838z M12,16c-2.209,0-4-1.791-4-4s1.791-4,4-4s4,1.791,4,4S14.209,16,12,16z"/> <circle data-color="color-2" fill="currentColor" cx="18.406" cy="5.594" r="1.44"/></g></svg></span></div></div><div class="brz-wrapper-clone__item brz-css-zfeoy brz-css-ciaqb" id="fimfvpoqcdcibmhsyyxcyqrfabqdfegyfmyd"><div id class="brz-icon__container" data-custom-id="fimfvpoqcdcibmhsyyxcyqrfabqdfegyfmyd"><span class="brz-span brz-icon css-fz3e0v"><svg version="1.1" xmlns="http://www.w3.org/2000/svg" xmlns:xlink="http://www.w3.org/1999/xlink" x="0px" y="0px" viewbox="0 0 24 24" xml:space="preserve" class="brz-icon-svg" data-type="glyph" data-name="logo-youtube"><g class="nc-icon-wrapper" fill="currentColor"><path fill="currentColor" d="M23.8,7.2c0,0-0.2-1.7-1-2.4c-0.9-1-1.9-1-2.4-1C17,3.6,12,3.6,12,3.6h0c0,0-5,0-8.4,0.2 c-0.5,0.1-1.5,0.1-2.4,1c-0.7,0.7-1,2.4-1,2.4S0,9.1,0,11.1v1.8c0,1.9,0.2,3.9,0.2,3.9s0.2,1.7,1,2.4c0.9,1,2.1,0.9,2.6,1 c1.9,0.2,8.2,0.2,8.2,0.2s5,0,8.4-0.3c0.5-0.1,1.5-0.1,2.4-1c0.7-0.7,1-2.4,1-2.4s0.2-1.9,0.2-3.9v-1.8C24,9.1,23.8,7.2,23.8,7.2z M9.5,15.1l0-6.7l6.5,3.4L9.5,15.1z"/></g></svg></span></div></div></div></div></div></div></div></div></div></div></section></div><p>The post <a href="https://johnhenrique.on.fleek.co/empreendedorismo/mei-abrir-conta-bancaria-de-pessoa-juridica.html">MEI – Abrir conta bancária de pessoa jurídica</a> first appeared on <a href="https://johnhenrique.on.fleek.co/">JOHN-HENRIQUE</a>.</p>]]></content:encoded>
					
					<wfw:commentRss>https://johnhenrique.on.fleek.co/empreendedorismo/mei-abrir-conta-bancaria-de-pessoa-juridica.html/feed</wfw:commentRss>
			<slash:comments>1</slash:comments>
		
		
			</item>
		<item>
		<title>Microempreendedor individual (MEI) &#8211; Chegou a hora de abrir sua empresa!</title>
		<link>https://johnhenrique.on.fleek.co/empreendedorismo/microempreendedor-individual-mei-chegou-a-hora-de-abrir-sua-empresa.html</link>
					<comments>https://johnhenrique.on.fleek.co/empreendedorismo/microempreendedor-individual-mei-chegou-a-hora-de-abrir-sua-empresa.html#comments</comments>
		
		<dc:creator><![CDATA[John]]></dc:creator>
		<pubDate>Sat, 09 Jan 2016 21:49:44 +0000</pubDate>
				<category><![CDATA[Empreendedorismo]]></category>
		<category><![CDATA[MEI]]></category>
		<guid isPermaLink="false">https://johnhenrique.on.fleek.co/?p=20</guid>

					<description><![CDATA[<p>A Lei Complementar 128/2008 traz ótimas novidades para pequenos empreendedores, a novidade principal é que esta lei criou a figura do Microempreendedor Individual que será conhecido como MEI. É uma espécie de variação da figura jurídica Micro Empresa (ME). O objetivo do MEI é permitir a legalização de 10 milhões de Microempreendedores individuais que estão&#8230; <a class="more-link" href="https://johnhenrique.on.fleek.co/empreendedorismo/microempreendedor-individual-mei-chegou-a-hora-de-abrir-sua-empresa.html">Continuar lendo <span class="screen-reader-text">Microempreendedor individual (MEI) &#8211; Chegou a hora de abrir sua empresa!</span></a></p>
<p>The post <a href="https://johnhenrique.on.fleek.co/empreendedorismo/microempreendedor-individual-mei-chegou-a-hora-de-abrir-sua-empresa.html">Microempreendedor individual (MEI) – Chegou a hora de abrir sua empresa!</a> first appeared on <a href="https://johnhenrique.on.fleek.co/">JOHN-HENRIQUE</a>.</p>]]></description>
										<content:encoded><![CDATA[<div class="brz-root__container brz-reset-all"><section data-uid="ldhuwuhdvedkuyrcaegoizodavafdriuznnq" id="ldhuwuhdvedkuyrcaegoizodavafdriuznnq" class="brz-section brz-css-ldhqi"><div class="brz-section__content brz-section--boxed brz-css-snfbl brz-css-zvifa" data-custom-id="nzpmyalyuxfenfgzbnuzueejyefhvakwxaaf"><div class="brz-bg"><div class="brz-bg-color"></div></div><div class="brz-container brz-css-kjmas"><div class="brz-row__container brz-css-sxfnn" data-custom-id="sdchrqwfedjyjovkatqniqfyiwecejyajxwn"><div class="brz-row brz-css-ghxyi brz-css-qtdyq"><div class="brz-columns brz-css-vyxvc brz-css-gkxol" data-custom-id="oqkxoazfuovqirfkvsmrgmrfjauivhaosedq"><div class="brz-column__items brz-css-ulnnp brz-css-fksbr"><div class="brz-css-rfjgv brz-css-xyipm brz-wrapper"><div class="brz-image brz-css-upvtu"><a class="brz-a" href="https://johnhenrique.on.fleek.co/" data-brz-link-type="external" id data-custom-id="hrorpwqfqsizflerhqbfzzuhvgeuyzygedyh"><picture class="brz-picture brz-d-block brz-p-relative brz-css-dxbdb"><source srcset="https://johnhenrique.on.fleek.co/wp-content/uploads/brizy/imgs/logo-john-bl-205x44x0x0x205x43x1600754613.png 1x, https://johnhenrique.on.fleek.co/wp-content/uploads/brizy/imgs/logo-john-bl-410x88x0x0x410x86x1600754613.png 2x" media="(min-width: 992px)"><source srcset="https://johnhenrique.on.fleek.co/wp-content/uploads/brizy/imgs/logo-john-bl-116x25x0x0x116x25x1600754613.png 1x, https://johnhenrique.on.fleek.co/wp-content/uploads/brizy/imgs/logo-john-bl-232x50x0x0x232x50x1600754613.png 2x" media="(min-width: 768px)"><img class="brz-img" srcset="https://johnhenrique.on.fleek.co/wp-content/uploads/brizy/imgs/logo-john-bl-245x53x0x0x245x53x1600754613.png 1x, https://johnhenrique.on.fleek.co/wp-content/uploads/brizy/imgs/logo-john-bl-490x106x0x0x490x106x1600754613.png 2x" src="https://johnhenrique.on.fleek.co/wp-content/uploads/brizy/imgs/logo-john-bl-205x44x0x0x205x43x1600754613.png" alt="" draggable="false" loading="lazy"></picture></a></div></div></div></div><div class="brz-columns brz-css-vyxvc brz-css-gstku" data-custom-id="xcolacsmvqsvymkdxicgbeawtefvsivkylet"><div class="brz-column__items brz-css-ulnnp brz-css-zlmgm"><div class="brz-css-rfjgv brz-css-iwmbg brz-wrapper"><div class="brz-menu__container brz-css-pqodt" data-mmenu-id="#onsesgpcsbiwxmdjwydopixmcwfmvpywhbnv" data-mmenu-position="position-left" data-mmenu-title="Menu" data-custom-id="rldtgogrkylvqqyhiwjobnermguclsmopvqx"><nav class="brz-menu brz-menu__preview brz-css-wmngu brz-css-xsvra"><ul class="brz-menu__ul" data-menu-items-active="c1cee806b5e64acc9d3a02b5ccb4efc1,400ad601ffb7edfbd719da3ac39ac1ba"><li class="brz-menu__item" data-menu-item-id="011e9814f479db15a13bf31c2b261431"><a class="brz-a menu-item menu-item-type-custom menu-item-object-custom menu-item-home" href="https://johnhenrique.on.fleek.co/" data-brz-link-type="external" id><span class="brz-span">Início</span></a></li><li class="brz-menu__item" data-menu-item-id="19f9c0005d11ac28d6b1353a055309bd"><a class="brz-a menu-item menu-item-type-taxonomy menu-item-object-category" href="https://johnhenrique.on.fleek.co/categoria/tecnologia" data-brz-link-type="external" id><span class="brz-span">Tecnologia</span></a></li><li class="brz-menu__item" data-menu-item-id="8a707534212fa973fdc6c304f093ce17"><a class="brz-a menu-item menu-item-type-taxonomy menu-item-object-category" href="https://johnhenrique.on.fleek.co/categoria/nft" data-brz-link-type="external" id><span class="brz-span">NFT</span></a></li><li class="brz-menu__item" data-menu-item-id="b002bd780a592ce63739d4e0e4ff4937"><a class="brz-a menu-item menu-item-type-taxonomy menu-item-object-category" href="https://johnhenrique.on.fleek.co/categoria/erros-e-solucoes" data-brz-link-type="external" id><span class="brz-span">Erros e soluções</span></a></li><li class="brz-menu__item" data-menu-item-id="fc22145e893373c094561d04307bb5ea"><a class="brz-a menu-item menu-item-type-taxonomy menu-item-object-category" href="https://johnhenrique.on.fleek.co/categoria/livre" data-brz-link-type="external" id><span class="brz-span">Livre</span></a></li><li class="brz-menu__item brz-menu__item--current brz-menu__item-dropdown" data-menu-item-id="400ad601ffb7edfbd719da3ac39ac1ba"><a class="brz-a menu-item menu-item-type-taxonomy menu-item-object-category current-menu-item" href="https://johnhenrique.on.fleek.co/categoria/financas" data-brz-link-type="external" id><span class="brz-span">Finanças</span></a></li></ul></nav><div class="brz-mm-menu__icon"><svg xmlns="http://www.w3.org/2000/svg" viewbox="0 0 16 16" class="brz-icon-svg" data-type="editor" data-name="menu-3"><g fill="currentColor" fill-rule="nonzero"><path d="M15 7H1c-.6 0-1 .4-1 1s.4 1 1 1h14c.6 0 1-.4 1-1s-.4-1-1-1zM15 2H1c-.6 0-1 .4-1 1s.4 1 1 1h14c.6 0 1-.4 1-1s-.4-1-1-1zM15 12H1c-.6 0-1 .4-1 1s.4 1 1 1h14c.6 0 1-.4 1-1s-.4-1-1-1z"/></g></svg>
</div></div></div></div></div></div></div></div></div></section><section data-uid="ehjovmjttcsagvcfdywwqrtksvilpedpifze" id="ehjovmjttcsagvcfdywwqrtksvilpedpifze" class="brz-section brz-css-ldhqi"><div class="brz-section__content brz-section--boxed brz-css-snfbl brz-css-krmtv" data-custom-id="lovosfkkckjibpqpornynunxvdanvjoleqbg"><div class="brz-bg"><div class="brz-bg-image"></div><div class="brz-bg-color"></div></div><div class="brz-container brz-css-kjmas"><div class="brz-css-rfjgv brz-css-vrzod brz-wrapper"><div class="brz-spacer brz-css-kxgbr brz-css-tkjce"></div></div><div class="brz-row__container brz-css-sxfnn" data-custom-id="lewgilerbneesuqogrrbiabkcinfxzocyjcq"><div class="brz-row brz-css-ghxyi brz-css-iltwe"><div class="brz-columns brz-css-vyxvc brz-css-ovgfp" data-custom-id="rmlegsgfyimugilfnsakscslzqoyskxsfwyj"><div class="brz-column__items brz-css-ulnnp brz-css-fgdrw"><div class="brz-css-rfjgv brz-css-vrzod brz-css-aenyz brz-wrapper"><div class="brz-spacer brz-css-kxgbr brz-css-urumd"></div></div><div class="brz-css-rfjgv brz-css-gdgbi brz-wrapper"><div class="brz-rich-text brz-rich-text__custom brz-css-mfoyd" data-custom-id="hqrhevjmmbhnxgkqbaiotrrainvlarzahjyh"><div><h1 class="brz-css-jojlt"><span class="brz-cp-color8">Posts em </span><strong class="brz-cp-color8"><span class="text-population" data-population="brizy_dc_archive_title">Empreendedorismo</span> </strong></h1></div></div></div><div class="brz-css-rfjgv brz-css-lgevr brz-wrapper"><div class="brz-rich-text brz-rich-text__custom brz-css-mfoyd" data-custom-id="vayzwlppvdsmwdwkkhodwfoacoanobceanii"><div><p class="brz-css-fzwlp"><span class="text-population brz-cp-color5" data-population="brizy_dc_archive_description" style="background-color: initial; opacity: 0.8;"></span><span style="background-color: initial; opacity: 0.8;" class="brz-cp-color5">  </span></p></div></div></div><div class="brz-css-rfjgv brz-css-vrzod brz-wrapper"><div class="brz-spacer brz-css-kxgbr brz-css-hpqak"></div></div></div></div></div></div></div></div></section><section data-uid="jfrequqwijxajcrqmpihiyhplxmxzbikwzhw" id="treinamentos" class="brz-section brz-css-ldhqi"><div class="brz-section__content brz-section--boxed brz-css-snfbl brz-css-ngfrj" data-custom-id="ddfqawulfmotwamsxajcrjdbgwqzsirmxsvy"><div class="brz-bg"><div class="brz-bg-color"></div></div><div class="brz-container brz-css-kjmas"><div class="brz-css-rfjgv brz-css-slcpr brz-wrapper"><div class="brz-posts brz-css-kralm" data-custom-id="itjzlkduxemgewyntkkpszvljypehvrfhoii"><div class="brz-posts__wrapper"><div class="brz-posts__item"><div class="brz-columns brz-css-vyxvc brz-css-ailbi brz-css-gwoxa" data-custom-id="ssgxzjkbddknowdpxiyotsuvmngxagsemlur"><div class="brz-column__items brz-css-ulnnp brz-css-gqdca"><div class="brz-css-rfjgv brz-css-nlurz brz-wrapper"><div class="brz-image brz-css-ewvam brz-css-cxzyl"><a class="brz-a" href="https://johnhenrique.on.fleek.co/empreendedorismo/mei-abrir-conta-bancaria-de-pessoa-juridica.html" data-brz-link-type="external" id data-custom-id="kvosvbgnanflvjdyboxwjdfrhfwfqqpremew"><picture class="brz-picture brz-d-block brz-p-relative brz-css-eypuy"><source srcset="https://johnhenrique.on.fleek.co/wp-content/plugins/brizy-pro/public/images/no-image.png 1x, https://johnhenrique.on.fleek.co/wp-content/plugins/brizy-pro/public/images/no-image.png 2x" media="(min-width: 992px)"><source srcset="https://johnhenrique.on.fleek.co/wp-content/plugins/brizy-pro/public/images/no-image.png 1x, https://johnhenrique.on.fleek.co/wp-content/plugins/brizy-pro/public/images/no-image.png 2x" media="(min-width: 768px)"><img class="brz-img" srcset="https://johnhenrique.on.fleek.co/wp-content/plugins/brizy-pro/public/images/no-image.png 1x, https://johnhenrique.on.fleek.co/wp-content/plugins/brizy-pro/public/images/no-image.png 2x" src="https://johnhenrique.on.fleek.co/wp-content/plugins/brizy-pro/public/images/no-image.png" alt="" draggable="false" loading="lazy"></picture></a></div></div><div class="brz-css-rfjgv brz-css-hbprq brz-wrapper"><div class="brz-wp-title brz-css-emgbh brz-css-nttzx" data-custom-id="jkmyzehtjotcgubamqfblsdjhcstqxryipen"><a class="brz-a" href="https://johnhenrique.on.fleek.co/empreendedorismo/mei-abrir-conta-bancaria-de-pessoa-juridica.html" data-brz-link-type="external" id><span class="brz-wp-title-content" style="min-height:20px">MEI &#8211; Abrir conta bancária de pessoa jurídica</span></a></div></div></div></div></div><div class="brz-posts__item"><div class="brz-columns brz-css-vyxvc brz-css-ailbi brz-css-gwoxa" data-custom-id="ssgxzjkbddknowdpxiyotsuvmngxagsemlur"><div class="brz-column__items brz-css-ulnnp brz-css-gqdca"><div class="brz-css-rfjgv brz-css-nlurz brz-wrapper"><div class="brz-image brz-css-ewvam brz-css-cxzyl"><a class="brz-a" href="https://johnhenrique.on.fleek.co/empreendedorismo/microempreendedor-individual-mei-chegou-a-hora-de-abrir-sua-empresa.html" data-brz-link-type="external" id data-custom-id="kvosvbgnanflvjdyboxwjdfrhfwfqqpremew"><picture class="brz-picture brz-d-block brz-p-relative brz-css-eypuy"><source srcset="https://johnhenrique.on.fleek.co/wp-content/plugins/brizy-pro/public/images/no-image.png 1x, https://johnhenrique.on.fleek.co/wp-content/plugins/brizy-pro/public/images/no-image.png 2x" media="(min-width: 992px)"><source srcset="https://johnhenrique.on.fleek.co/wp-content/plugins/brizy-pro/public/images/no-image.png 1x, https://johnhenrique.on.fleek.co/wp-content/plugins/brizy-pro/public/images/no-image.png 2x" media="(min-width: 768px)"><img class="brz-img" srcset="https://johnhenrique.on.fleek.co/wp-content/plugins/brizy-pro/public/images/no-image.png 1x, https://johnhenrique.on.fleek.co/wp-content/plugins/brizy-pro/public/images/no-image.png 2x" src="https://johnhenrique.on.fleek.co/wp-content/plugins/brizy-pro/public/images/no-image.png" alt="" draggable="false" loading="lazy"></picture></a></div></div><div class="brz-css-rfjgv brz-css-hbprq brz-wrapper"><div class="brz-wp-title brz-css-emgbh brz-css-nttzx" data-custom-id="jkmyzehtjotcgubamqfblsdjhcstqxryipen"><a class="brz-a" href="https://johnhenrique.on.fleek.co/empreendedorismo/microempreendedor-individual-mei-chegou-a-hora-de-abrir-sua-empresa.html" data-brz-link-type="external" id><span class="brz-wp-title-content" style="min-height:20px">Microempreendedor individual (MEI) &#8211; Chegou a hora de abrir sua empresa!</span></a></div></div></div></div></div><div class="brz-posts__item"><div class="brz-columns brz-css-vyxvc brz-css-ailbi brz-css-gwoxa" data-custom-id="ssgxzjkbddknowdpxiyotsuvmngxagsemlur"><div class="brz-column__items brz-css-ulnnp brz-css-gqdca"><div class="brz-css-rfjgv brz-css-nlurz brz-wrapper"><div class="brz-image brz-css-ewvam brz-css-cxzyl"><a class="brz-a" href="https://johnhenrique.on.fleek.co/empreendedorismo/abrir-empresa-individual.html" data-brz-link-type="external" id data-custom-id="kvosvbgnanflvjdyboxwjdfrhfwfqqpremew"><picture class="brz-picture brz-d-block brz-p-relative brz-css-eypuy"><source srcset="https://johnhenrique.on.fleek.co/wp-content/plugins/brizy-pro/public/images/no-image.png 1x, https://johnhenrique.on.fleek.co/wp-content/plugins/brizy-pro/public/images/no-image.png 2x" media="(min-width: 992px)"><source srcset="https://johnhenrique.on.fleek.co/wp-content/plugins/brizy-pro/public/images/no-image.png 1x, https://johnhenrique.on.fleek.co/wp-content/plugins/brizy-pro/public/images/no-image.png 2x" media="(min-width: 768px)"><img class="brz-img" srcset="https://johnhenrique.on.fleek.co/wp-content/plugins/brizy-pro/public/images/no-image.png 1x, https://johnhenrique.on.fleek.co/wp-content/plugins/brizy-pro/public/images/no-image.png 2x" src="https://johnhenrique.on.fleek.co/wp-content/plugins/brizy-pro/public/images/no-image.png" alt="" draggable="false" loading="lazy"></picture></a></div></div><div class="brz-css-rfjgv brz-css-hbprq brz-wrapper"><div class="brz-wp-title brz-css-emgbh brz-css-nttzx" data-custom-id="jkmyzehtjotcgubamqfblsdjhcstqxryipen"><a class="brz-a" href="https://johnhenrique.on.fleek.co/empreendedorismo/abrir-empresa-individual.html" data-brz-link-type="external" id><span class="brz-wp-title-content" style="min-height:20px">Abrir empresa individual</span></a></div></div></div></div></div></div>                                    
                                                                
                                                        <div class="brz-posts__pagination">
    
</div></div></div></div></div></section><section data-uid="juzycyixxnmujvlbuzkneoirjnoszzypdtii" id="ebooks" class="brz-section brz-css-ldhqi"><div class="brz-section__content brz-section--boxed brz-css-snfbl brz-css-yfwzv" data-custom-id="ryyniawzpwndrhbvzydlvswkkzxcdogtsqyi"><div class="brz-bg"><div class="brz-bg-color"></div></div><div class="brz-container brz-css-kjmas"><div class="brz-css-rfjgv brz-wrapper"><div class="brz-rich-text brz-rich-text__custom brz-css-mfoyd" data-custom-id="xmkplfwnchktudemplfetlgstgusmtcgfogl"><div><p class="brz-css-qcptp"><span class="brz-cp-color7" style="opacity: 0.5;">  </span></p></div></div></div><div class="brz-css-rfjgv brz-css-rppro brz-wrapper"><div class="brz-rich-text brz-rich-text__custom brz-css-mfoyd" data-custom-id="prdqnoydohxihdefnycyykimctxfvudevqdp"><div><p class="brz-css-unpdw"><span class="brz-cp-color2">Aprenda Comigo </span><strong class="brz-cp-color2">Como Entrar No Mercado Digital</strong><span class="brz-cp-color2"> e Ganhar em </span><strong class="brz-cp-color2">M&#xE9;dia R$ 6.100 por m&#xEA;s</strong></p></div></div></div><div class="brz-row__container brz-css-sxfnn" data-custom-id="zovildgujxtiipemugqfgtifvnrvmqywsakd"><div class="brz-row brz-css-ghxyi brz-css-iltwe"><div class="brz-columns brz-css-vyxvc brz-css-tjsgp" data-custom-id="wtcekkbjhqtcpilgnrepeghhlsnkquotwfwx"><div class="brz-bg"><div class="brz-bg-color"></div></div><div class="brz-column__items brz-css-ulnnp brz-css-efcda"><div class="brz-css-rfjgv brz-wrapper"><div class="brz-icon-text brz-css-tkjrr brz-css-wrvnq" data-custom-id="npkliljbvwracdedqgkadeurabpflpzvcarc"><div id class="brz-icon__container" data-custom-id="xnnpxghjimkjfccbbhjbslfhtvarcjhdvotj"><span class="brz-span brz-icon css-15ct115"><svg version="1.1" xmlns="http://www.w3.org/2000/svg" xmlns:xlink="http://www.w3.org/1999/xlink" x="0px" y="0px" viewbox="0 0 24 24" xml:space="preserve" class="brz-icon-svg" data-type="outline" data-name="single-copies"><g transform="translate(0, 0)" class="nc-icon-wrapper" fill="none"><rect x="2" y="9" fill="none" stroke="currentColor" vector-effect="non-scaling-stroke" stroke-linecap="square" stroke-miterlimit="10" width="12" height="14" stroke-linejoin="miter"/> <polyline data-color="color-2" fill="none" stroke="currentColor" vector-effect="non-scaling-stroke" stroke-linecap="square" stroke-miterlimit="10" points=" 6,5 18,5 18,19 " stroke-linejoin="miter"/> <polyline data-color="color-2" fill="none" stroke="currentColor" vector-effect="non-scaling-stroke" stroke-linecap="square" stroke-miterlimit="10" points=" 10,1 22,1 22,15 " stroke-linejoin="miter"/></g></svg></span></div><div class="brz-text-btn"><div class="brz-rich-text brz-rich-text__custom brz-css-mfoyd" data-custom-id="shokhviiiycgzykpujbsbujvukwcxyztgfds"><div><p class="brz-css-dwmws"><span class="brz-cp-color2">Quero Desenvolver Sites Incr&#xED;veis em Poucas Horas, Sem Programar</span></p><p class="brz-css-obvgc"><span class="brz-cp-color7" style="opacity: 0.75;">Aprenda tudo sobre desenvolvimento de sites e lojas virtuais, do zero incluindo negocia&#xE7;&#xE3;o, venda e entrega.</span></p></div></div></div></div></div><div class="brz-wrapper-clone brz-css-idxus"><div class="brz-d-xs-flex brz-flex-xs-wrap brz-css-ennhl"><div class="brz-wrapper-clone__item brz-css-zfeoy" id="vxaymscypfzvsggrywrhspzbvtpvjpkxlsyj"><a class="brz-a brz-btn brz-css-azlds brz-css-fiued" href="https://paginasturbinadas.com.br/" data-brz-link-type="external" id data-custom-id="vxaymscypfzvsggrywrhspzbvtpvjpkxlsyj"><svg version="1.1" xmlns="http://www.w3.org/2000/svg" xmlns:xlink="http://www.w3.org/1999/xlink" x="0px" y="0px" viewbox="0 0 24 24" xml:space="preserve" class="brz-icon-svg brz-css-adluq" data-type="glyph" data-name="tail-right"><g class="nc-icon-wrapper" fill="currentColor"><path fill="currentColor" d="M22.707,11.293L15,3.586L13.586,5l6,6H2c-0.553,0-1,0.448-1,1s0.447,1,1,1h17.586l-6,6L15,20.414 l7.707-7.707C23.098,12.316,23.098,11.684,22.707,11.293z"/></g></svg><span class="brz-span brz-text__editor">É ISSO QUE EU QUERO</span></a></div></div></div></div></div><div class="brz-columns brz-css-vyxvc brz-css-exxgz" data-custom-id="itfqktomhteycmdigavcmdwzrkygccadwgim"><div class="brz-bg"><div class="brz-bg-color"></div></div><div class="brz-column__items brz-css-ulnnp brz-css-lhdbq"><div class="brz-css-rfjgv brz-wrapper"><div class="brz-icon-text brz-css-tkjrr brz-css-zdymp" data-custom-id="uixllwgthfbohsiufrkbfyfjmaztriklnfma"><div id class="brz-icon__container" data-custom-id="qqxyvinwdgiucbkvjpkpvqpiklumxwxlmdku"><span class="brz-span brz-icon css-15djuq3"><svg version="1.1" xmlns="http://www.w3.org/2000/svg" xmlns:xlink="http://www.w3.org/1999/xlink" x="0px" y="0px" viewbox="0 0 24 24" xml:space="preserve" class="brz-icon-svg" data-type="outline" data-name="money-coins"><g transform="translate(0, 0)" class="nc-icon-wrapper" fill="none"><polyline data-cap="butt" data-color="color-2" fill="none" stroke="currentColor" vector-effect="non-scaling-stroke" stroke-miterlimit="10" points="7,13 1,13 1,1 19,1 19,9.171 " stroke-linejoin="miter" stroke-linecap="butt"/> <path data-cap="butt" fill="none" stroke="currentColor" vector-effect="non-scaling-stroke" stroke-miterlimit="10" d="M11,12v4c0,1.657,2.686,3,6,3 s6-1.343,6-3v-4" stroke-linejoin="miter" stroke-linecap="butt"/> <path data-cap="butt" fill="none" stroke="currentColor" vector-effect="non-scaling-stroke" stroke-miterlimit="10" d="M11,16v4c0,1.657,2.686,3,6,3 s6-1.343,6-3v-4" stroke-linejoin="miter" stroke-linecap="butt"/> <ellipse fill="none" stroke="currentColor" vector-effect="non-scaling-stroke" stroke-linecap="square" stroke-miterlimit="10" cx="17" cy="12" rx="6" ry="3" stroke-linejoin="miter"/> <circle data-color="color-2" fill="none" stroke="currentColor" vector-effect="non-scaling-stroke" stroke-linecap="square" stroke-miterlimit="10" cx="10" cy="7" r="1" stroke-linejoin="miter"/> <circle data-color="color-2" data-stroke="none" fill="none" cx="10" cy="7" r="1" stroke-linejoin="miter" stroke-linecap="square"/></g></svg></span></div><div class="brz-text-btn"><div class="brz-rich-text brz-rich-text__custom brz-css-mfoyd" data-custom-id="ijxsqmbsfpqvkmtjfliohzdtlazdjptjysef"><div><p class="brz-css-dbzfz"><span class="brz-cp-color2">Quero Criar Campanhas de Marketing Digital e Vendas Online</span></p><p class="brz-css-yeiux"><span class="brz-cp-color7" style="opacity: 0.75;">Aprenda tudo sobre campanhas de tr&#xE1;fego pago e org&#xE2;nico para vendas online.</span></p></div></div></div></div></div><div class="brz-wrapper-clone brz-css-idxus"><div class="brz-d-xs-flex brz-flex-xs-wrap brz-css-ennhl"><div class="brz-wrapper-clone__item brz-css-zfeoy" id="mbcmanmbstilluetkmquuqegsygiewmvjqik"><a class="brz-a brz-btn brz-css-azlds brz-css-jtndo" href="https://desafioprimeiravenda.com.br/" data-brz-link-type="external" id data-custom-id="mbcmanmbstilluetkmquuqegsygiewmvjqik"><svg version="1.1" xmlns="http://www.w3.org/2000/svg" xmlns:xlink="http://www.w3.org/1999/xlink" x="0px" y="0px" viewbox="0 0 24 24" xml:space="preserve" class="brz-icon-svg brz-css-adluq" data-type="glyph" data-name="tail-right"><g class="nc-icon-wrapper" fill="currentColor"><path fill="currentColor" d="M22.707,11.293L15,3.586L13.586,5l6,6H2c-0.553,0-1,0.448-1,1s0.447,1,1,1h17.586l-6,6L15,20.414 l7.707-7.707C23.098,12.316,23.098,11.684,22.707,11.293z"/></g></svg><span class="brz-span brz-text__editor">É ISSO QUE EU QUERO</span></a></div></div></div></div></div></div></div></div></div></section><section data-uid="diiktxtinlxofkvriaifhybozdumhsszrhem" id="diiktxtinlxofkvriaifhybozdumhsszrhem" class="brz-section brz-css-ldhqi"><div class="brz-section__content brz-section--boxed brz-css-snfbl brz-css-fsdld" data-custom-id="dhyezjnydapozhxzwqrcbdeuycyybmomxwiy"><div class="brz-bg"><div class="brz-bg-color"></div></div><div class="brz-container brz-css-kjmas"><div class="brz-row__container brz-css-sxfnn" data-custom-id="urotkbnzmuazlxztbvwuwobtlzfptddtnwtx"><div class="brz-row brz-css-ghxyi brz-css-efuod"><div class="brz-columns brz-css-vyxvc" data-custom-id="yppupbdbzfkfkiohadggdmamlyhylmbsvunw"><div class="brz-column__items brz-css-ulnnp brz-css-btazp"><div class="brz-css-rfjgv brz-css-ehtqa brz-wrapper"><div class="brz-image brz-css-mrznm"><a class="brz-a" href="https://johnhenrique.on.fleek.co/" data-brz-link-type="external" id data-custom-id="xdzqlpdtgssxskbcxmycisgxyizdauuqcnrn"><picture class="brz-picture brz-d-block brz-p-relative brz-css-avzva"><source srcset="https://johnhenrique.on.fleek.co/wp-content/uploads/brizy/imgs/logo-john-bl-84x18x0x0x84x18x1600754613.png 1x, https://johnhenrique.on.fleek.co/wp-content/uploads/brizy/imgs/logo-john-bl-168x36x0x0x168x36x1600754613.png 2x" media="(min-width: 992px)"><source srcset="https://johnhenrique.on.fleek.co/wp-content/uploads/brizy/imgs/logo-john-bl-177x38x0x0x177x38x1600754613.png 1x, https://johnhenrique.on.fleek.co/wp-content/uploads/brizy/imgs/logo-john-bl-354x76x0x0x354x76x1600754613.png 2x" media="(min-width: 768px)"><img class="brz-img" srcset="https://johnhenrique.on.fleek.co/wp-content/uploads/brizy/imgs/logo-john-bl-237x51x0x0x237x51x1600754613.png 1x, https://johnhenrique.on.fleek.co/wp-content/uploads/brizy/imgs/logo-john-bl-474x102x0x0x474x102x1600754613.png 2x" src="https://johnhenrique.on.fleek.co/wp-content/uploads/brizy/imgs/logo-john-bl-84x18x0x0x84x18x1600754613.png" alt="" draggable="false" loading="lazy"></picture></a></div></div></div></div><div class="brz-columns brz-css-vyxvc" data-custom-id="cmcwshvydvggxtdzjdllcrplouognwutrijy"><div class="brz-column__items brz-css-ulnnp brz-css-vgalx"><div class="brz-wrapper-clone brz-css-idxus"><div class="brz-d-xs-flex brz-flex-xs-wrap brz-css-ennhl brz-css-kjfvl"><div class="brz-wrapper-clone__item brz-css-zfeoy brz-css-eibmt" id="shnjepqqmhkgdsiyyjbsdzzzpknpoyopsgcz"><a class="brz-a brz-anchor brz-btn brz-css-azlds brz-css-dhaxf" href="#tnniaizlfexyewkwcbqpxahbmnvspsuqckbg" data-brz-link-type="anchor" id data-custom-id="shnjepqqmhkgdsiyyjbsdzzzpknpoyopsgcz"><span class="brz-span brz-text__editor">Sobre</span></a></div><div class="brz-wrapper-clone__item brz-css-zfeoy brz-css-eibmt" id="bdgraicbjgdpxidbyvxljwxbxoohayycwycz"><a class="brz-a brz-btn brz-css-azlds brz-css-sfvwg" href="https://johnhenrique.on.fleek.co/politica-de-privacidade-2" data-brz-link-type="external" id data-custom-id="bdgraicbjgdpxidbyvxljwxbxoohayycwycz"><span class="brz-span brz-text__editor">Política de Privacidade</span></a></div></div></div></div></div></div></div><div class="brz-row__container brz-css-sxfnn" data-custom-id="nplnagbqfiqyktzvkpbcqulwjonfvoeuacmm"><div class="brz-row brz-css-ghxyi brz-css-iltwe"><div class="brz-columns brz-css-vyxvc brz-css-hsvsc" data-custom-id="xffcdzcqimboreseexckwomuggrgufwxyxre"><div class="brz-column__items brz-css-ulnnp brz-css-nnzap"><div class="brz-wrapper-clone brz-css-idxus brz-css-zjafu"><div class="brz-d-xs-flex brz-flex-xs-wrap brz-css-ennhl brz-css-efgkr"><div class="brz-wrapper-clone__item brz-css-zfeoy brz-css-ciaqb" id="dbvmxobsvvqdrlkadxdoeqjioaomssuvwych"><div id class="brz-icon__container" data-custom-id="dbvmxobsvvqdrlkadxdoeqjioaomssuvwych"><span class="brz-span brz-icon css-am9i7r"><svg version="1.1" xmlns="http://www.w3.org/2000/svg" xmlns:xlink="http://www.w3.org/1999/xlink" x="0px" y="0px" viewbox="0 0 24 24" xml:space="preserve" class="brz-icon-svg" data-type="glyph" data-name="logo-facebook"><g class="nc-icon-wrapper" fill="currentColor"><path fill="currentColor" d="M22,0H2C0.895,0,0,0.895,0,2v20c0,1.105,0.895,2,2,2h11v-9h-3v-4h3V8.413c0-3.1,1.893-4.788,4.659-4.788 c1.325,0,2.463,0.099,2.795,0.143v3.24l-1.918,0.001c-1.504,0-1.795,0.715-1.795,1.763V11h4.44l-1,4h-3.44v9H22c1.105,0,2-0.895,2-2 V2C24,0.895,23.105,0,22,0z"/></g></svg></span></div></div><div class="brz-wrapper-clone__item brz-css-zfeoy brz-css-ciaqb" id="hwsqcrysuydxpetmoeiouetqrwgoatquunpu"><div id class="brz-icon__container" data-custom-id="hwsqcrysuydxpetmoeiouetqrwgoatquunpu"><span class="brz-span brz-icon css-am9i7r"><svg version="1.1" xmlns="http://www.w3.org/2000/svg" xmlns:xlink="http://www.w3.org/1999/xlink" x="0px" y="0px" viewbox="0 0 24 24" xml:space="preserve" class="brz-icon-svg" data-type="glyph" data-name="logo-instagram"><g class="nc-icon-wrapper" fill="currentColor"><path fill="currentColor" d="M12,2.162c3.204,0,3.584,0.012,4.849,0.07c1.366,0.062,2.633,0.336,3.608,1.311 c0.975,0.975,1.249,2.242,1.311,3.608c0.058,1.265,0.07,1.645,0.07,4.849s-0.012,3.584-0.07,4.849 c-0.062,1.366-0.336,2.633-1.311,3.608c-0.975,0.975-2.242,1.249-3.608,1.311c-1.265,0.058-1.645,0.07-4.849,0.07 s-3.584-0.012-4.849-0.07c-1.366-0.062-2.633-0.336-3.608-1.311c-0.975-0.975-1.249-2.242-1.311-3.608 c-0.058-1.265-0.07-1.645-0.07-4.849s0.012-3.584,0.07-4.849c0.062-1.366,0.336-2.633,1.311-3.608 c0.975-0.975,2.242-1.249,3.608-1.311C8.416,2.174,8.796,2.162,12,2.162 M12,0C8.741,0,8.332,0.014,7.052,0.072 c-1.95,0.089-3.663,0.567-5.038,1.942C0.639,3.389,0.161,5.102,0.072,7.052C0.014,8.332,0,8.741,0,12 c0,3.259,0.014,3.668,0.072,4.948c0.089,1.95,0.567,3.663,1.942,5.038c1.375,1.375,3.088,1.853,5.038,1.942 C8.332,23.986,8.741,24,12,24s3.668-0.014,4.948-0.072c1.95-0.089,3.663-0.567,5.038-1.942c1.375-1.375,1.853-3.088,1.942-5.038 C23.986,15.668,24,15.259,24,12s-0.014-3.668-0.072-4.948c-0.089-1.95-0.567-3.663-1.942-5.038 c-1.375-1.375-3.088-1.853-5.038-1.942C15.668,0.014,15.259,0,12,0L12,0z"/> <path data-color="color-2" fill="currentColor" d="M12,5.838c-3.403,0-6.162,2.759-6.162,6.162S8.597,18.162,12,18.162s6.162-2.759,6.162-6.162 S15.403,5.838,12,5.838z M12,16c-2.209,0-4-1.791-4-4s1.791-4,4-4s4,1.791,4,4S14.209,16,12,16z"/> <circle data-color="color-2" fill="currentColor" cx="18.406" cy="5.594" r="1.44"/></g></svg></span></div></div><div class="brz-wrapper-clone__item brz-css-zfeoy brz-css-ciaqb" id="fimfvpoqcdcibmhsyyxcyqrfabqdfegyfmyd"><div id class="brz-icon__container" data-custom-id="fimfvpoqcdcibmhsyyxcyqrfabqdfegyfmyd"><span class="brz-span brz-icon css-fz3e0v"><svg version="1.1" xmlns="http://www.w3.org/2000/svg" xmlns:xlink="http://www.w3.org/1999/xlink" x="0px" y="0px" viewbox="0 0 24 24" xml:space="preserve" class="brz-icon-svg" data-type="glyph" data-name="logo-youtube"><g class="nc-icon-wrapper" fill="currentColor"><path fill="currentColor" d="M23.8,7.2c0,0-0.2-1.7-1-2.4c-0.9-1-1.9-1-2.4-1C17,3.6,12,3.6,12,3.6h0c0,0-5,0-8.4,0.2 c-0.5,0.1-1.5,0.1-2.4,1c-0.7,0.7-1,2.4-1,2.4S0,9.1,0,11.1v1.8c0,1.9,0.2,3.9,0.2,3.9s0.2,1.7,1,2.4c0.9,1,2.1,0.9,2.6,1 c1.9,0.2,8.2,0.2,8.2,0.2s5,0,8.4-0.3c0.5-0.1,1.5-0.1,2.4-1c0.7-0.7,1-2.4,1-2.4s0.2-1.9,0.2-3.9v-1.8C24,9.1,23.8,7.2,23.8,7.2z M9.5,15.1l0-6.7l6.5,3.4L9.5,15.1z"/></g></svg></span></div></div></div></div></div></div></div></div></div></div></section></div><p>The post <a href="https://johnhenrique.on.fleek.co/empreendedorismo/microempreendedor-individual-mei-chegou-a-hora-de-abrir-sua-empresa.html">Microempreendedor individual (MEI) – Chegou a hora de abrir sua empresa!</a> first appeared on <a href="https://johnhenrique.on.fleek.co/">JOHN-HENRIQUE</a>.</p>]]></content:encoded>
					
					<wfw:commentRss>https://johnhenrique.on.fleek.co/empreendedorismo/microempreendedor-individual-mei-chegou-a-hora-de-abrir-sua-empresa.html/feed</wfw:commentRss>
			<slash:comments>1</slash:comments>
		
		
			</item>
		<item>
		<title>Abrir empresa individual</title>
		<link>https://johnhenrique.on.fleek.co/empreendedorismo/abrir-empresa-individual.html</link>
					<comments>https://johnhenrique.on.fleek.co/empreendedorismo/abrir-empresa-individual.html#respond</comments>
		
		<dc:creator><![CDATA[John]]></dc:creator>
		<pubDate>Sat, 09 Jan 2016 21:48:56 +0000</pubDate>
				<category><![CDATA[Empreendedorismo]]></category>
		<category><![CDATA[Como abrir empresa]]></category>
		<category><![CDATA[MEI]]></category>
		<guid isPermaLink="false">https://johnhenrique.on.fleek.co/?p=18</guid>

					<description><![CDATA[<p>Todo brasileiro sonha em abrir sua própria empresa, viver tranquilamente e ser seu próprio patrão. Este é o sonho mas, quais os procedimentos para abrir empresa individual? Entenda por empresa individual uma empresa enquadrada no Microempreendedor Individual ou Empreendedor Individual. Saiba quais os procedimentos para iniciar seu negócio. Documentos Primeiramente é necessário providenciar alguns documentos&#8230; <a class="more-link" href="https://johnhenrique.on.fleek.co/empreendedorismo/abrir-empresa-individual.html">Continuar lendo <span class="screen-reader-text">Abrir empresa individual</span></a></p>
<p>The post <a href="https://johnhenrique.on.fleek.co/empreendedorismo/abrir-empresa-individual.html">Abrir empresa individual</a> first appeared on <a href="https://johnhenrique.on.fleek.co/">JOHN-HENRIQUE</a>.</p>]]></description>
										<content:encoded><![CDATA[<div class="brz-root__container brz-reset-all"><section data-uid="ldhuwuhdvedkuyrcaegoizodavafdriuznnq" id="ldhuwuhdvedkuyrcaegoizodavafdriuznnq" class="brz-section brz-css-ldhqi"><div class="brz-section__content brz-section--boxed brz-css-snfbl brz-css-zvifa" data-custom-id="nzpmyalyuxfenfgzbnuzueejyefhvakwxaaf"><div class="brz-bg"><div class="brz-bg-color"></div></div><div class="brz-container brz-css-kjmas"><div class="brz-row__container brz-css-sxfnn" data-custom-id="sdchrqwfedjyjovkatqniqfyiwecejyajxwn"><div class="brz-row brz-css-ghxyi brz-css-qtdyq"><div class="brz-columns brz-css-vyxvc brz-css-gkxol" data-custom-id="oqkxoazfuovqirfkvsmrgmrfjauivhaosedq"><div class="brz-column__items brz-css-ulnnp brz-css-fksbr"><div class="brz-css-rfjgv brz-css-xyipm brz-wrapper"><div class="brz-image brz-css-upvtu"><a class="brz-a" href="https://johnhenrique.on.fleek.co/" data-brz-link-type="external" id data-custom-id="hrorpwqfqsizflerhqbfzzuhvgeuyzygedyh"><picture class="brz-picture brz-d-block brz-p-relative brz-css-dxbdb"><source srcset="https://johnhenrique.on.fleek.co/wp-content/uploads/brizy/imgs/logo-john-bl-205x44x0x0x205x43x1600754613.png 1x, https://johnhenrique.on.fleek.co/wp-content/uploads/brizy/imgs/logo-john-bl-410x88x0x0x410x86x1600754613.png 2x" media="(min-width: 992px)"><source srcset="https://johnhenrique.on.fleek.co/wp-content/uploads/brizy/imgs/logo-john-bl-116x25x0x0x116x25x1600754613.png 1x, https://johnhenrique.on.fleek.co/wp-content/uploads/brizy/imgs/logo-john-bl-232x50x0x0x232x50x1600754613.png 2x" media="(min-width: 768px)"><img class="brz-img" srcset="https://johnhenrique.on.fleek.co/wp-content/uploads/brizy/imgs/logo-john-bl-245x53x0x0x245x53x1600754613.png 1x, https://johnhenrique.on.fleek.co/wp-content/uploads/brizy/imgs/logo-john-bl-490x106x0x0x490x106x1600754613.png 2x" src="https://johnhenrique.on.fleek.co/wp-content/uploads/brizy/imgs/logo-john-bl-205x44x0x0x205x43x1600754613.png" alt="" draggable="false" loading="lazy"></picture></a></div></div></div></div><div class="brz-columns brz-css-vyxvc brz-css-gstku" data-custom-id="xcolacsmvqsvymkdxicgbeawtefvsivkylet"><div class="brz-column__items brz-css-ulnnp brz-css-zlmgm"><div class="brz-css-rfjgv brz-css-iwmbg brz-wrapper"><div class="brz-menu__container brz-css-pqodt" data-mmenu-id="#onsesgpcsbiwxmdjwydopixmcwfmvpywhbnv" data-mmenu-position="position-left" data-mmenu-title="Menu" data-custom-id="rldtgogrkylvqqyhiwjobnermguclsmopvqx"><nav class="brz-menu brz-menu__preview brz-css-wmngu brz-css-xsvra"><ul class="brz-menu__ul" data-menu-items-active="c1cee806b5e64acc9d3a02b5ccb4efc1,400ad601ffb7edfbd719da3ac39ac1ba"><li class="brz-menu__item" data-menu-item-id="011e9814f479db15a13bf31c2b261431"><a class="brz-a menu-item menu-item-type-custom menu-item-object-custom menu-item-home" href="https://johnhenrique.on.fleek.co/" data-brz-link-type="external" id><span class="brz-span">Início</span></a></li><li class="brz-menu__item" data-menu-item-id="19f9c0005d11ac28d6b1353a055309bd"><a class="brz-a menu-item menu-item-type-taxonomy menu-item-object-category" href="https://johnhenrique.on.fleek.co/categoria/tecnologia" data-brz-link-type="external" id><span class="brz-span">Tecnologia</span></a></li><li class="brz-menu__item" data-menu-item-id="8a707534212fa973fdc6c304f093ce17"><a class="brz-a menu-item menu-item-type-taxonomy menu-item-object-category" href="https://johnhenrique.on.fleek.co/categoria/nft" data-brz-link-type="external" id><span class="brz-span">NFT</span></a></li><li class="brz-menu__item" data-menu-item-id="b002bd780a592ce63739d4e0e4ff4937"><a class="brz-a menu-item menu-item-type-taxonomy menu-item-object-category" href="https://johnhenrique.on.fleek.co/categoria/erros-e-solucoes" data-brz-link-type="external" id><span class="brz-span">Erros e soluções</span></a></li><li class="brz-menu__item" data-menu-item-id="fc22145e893373c094561d04307bb5ea"><a class="brz-a menu-item menu-item-type-taxonomy menu-item-object-category" href="https://johnhenrique.on.fleek.co/categoria/livre" data-brz-link-type="external" id><span class="brz-span">Livre</span></a></li><li class="brz-menu__item brz-menu__item--current brz-menu__item-dropdown" data-menu-item-id="400ad601ffb7edfbd719da3ac39ac1ba"><a class="brz-a menu-item menu-item-type-taxonomy menu-item-object-category current-menu-item" href="https://johnhenrique.on.fleek.co/categoria/financas" data-brz-link-type="external" id><span class="brz-span">Finanças</span></a></li></ul></nav><div class="brz-mm-menu__icon"><svg xmlns="http://www.w3.org/2000/svg" viewbox="0 0 16 16" class="brz-icon-svg" data-type="editor" data-name="menu-3"><g fill="currentColor" fill-rule="nonzero"><path d="M15 7H1c-.6 0-1 .4-1 1s.4 1 1 1h14c.6 0 1-.4 1-1s-.4-1-1-1zM15 2H1c-.6 0-1 .4-1 1s.4 1 1 1h14c.6 0 1-.4 1-1s-.4-1-1-1zM15 12H1c-.6 0-1 .4-1 1s.4 1 1 1h14c.6 0 1-.4 1-1s-.4-1-1-1z"/></g></svg>
</div></div></div></div></div></div></div></div></div></section><section data-uid="ehjovmjttcsagvcfdywwqrtksvilpedpifze" id="ehjovmjttcsagvcfdywwqrtksvilpedpifze" class="brz-section brz-css-ldhqi"><div class="brz-section__content brz-section--boxed brz-css-snfbl brz-css-krmtv" data-custom-id="lovosfkkckjibpqpornynunxvdanvjoleqbg"><div class="brz-bg"><div class="brz-bg-image"></div><div class="brz-bg-color"></div></div><div class="brz-container brz-css-kjmas"><div class="brz-css-rfjgv brz-css-vrzod brz-wrapper"><div class="brz-spacer brz-css-kxgbr brz-css-tkjce"></div></div><div class="brz-row__container brz-css-sxfnn" data-custom-id="lewgilerbneesuqogrrbiabkcinfxzocyjcq"><div class="brz-row brz-css-ghxyi brz-css-iltwe"><div class="brz-columns brz-css-vyxvc brz-css-ovgfp" data-custom-id="rmlegsgfyimugilfnsakscslzqoyskxsfwyj"><div class="brz-column__items brz-css-ulnnp brz-css-fgdrw"><div class="brz-css-rfjgv brz-css-vrzod brz-css-aenyz brz-wrapper"><div class="brz-spacer brz-css-kxgbr brz-css-urumd"></div></div><div class="brz-css-rfjgv brz-css-gdgbi brz-wrapper"><div class="brz-rich-text brz-rich-text__custom brz-css-mfoyd" data-custom-id="hqrhevjmmbhnxgkqbaiotrrainvlarzahjyh"><div><h1 class="brz-css-jojlt"><span class="brz-cp-color8">Posts em </span><strong class="brz-cp-color8"><span class="text-population" data-population="brizy_dc_archive_title">Empreendedorismo</span> </strong></h1></div></div></div><div class="brz-css-rfjgv brz-css-lgevr brz-wrapper"><div class="brz-rich-text brz-rich-text__custom brz-css-mfoyd" data-custom-id="vayzwlppvdsmwdwkkhodwfoacoanobceanii"><div><p class="brz-css-fzwlp"><span class="text-population brz-cp-color5" data-population="brizy_dc_archive_description" style="background-color: initial; opacity: 0.8;"></span><span style="background-color: initial; opacity: 0.8;" class="brz-cp-color5">  </span></p></div></div></div><div class="brz-css-rfjgv brz-css-vrzod brz-wrapper"><div class="brz-spacer brz-css-kxgbr brz-css-hpqak"></div></div></div></div></div></div></div></div></section><section data-uid="jfrequqwijxajcrqmpihiyhplxmxzbikwzhw" id="treinamentos" class="brz-section brz-css-ldhqi"><div class="brz-section__content brz-section--boxed brz-css-snfbl brz-css-ngfrj" data-custom-id="ddfqawulfmotwamsxajcrjdbgwqzsirmxsvy"><div class="brz-bg"><div class="brz-bg-color"></div></div><div class="brz-container brz-css-kjmas"><div class="brz-css-rfjgv brz-css-slcpr brz-wrapper"><div class="brz-posts brz-css-kralm" data-custom-id="itjzlkduxemgewyntkkpszvljypehvrfhoii"><div class="brz-posts__wrapper"><div class="brz-posts__item"><div class="brz-columns brz-css-vyxvc brz-css-ailbi brz-css-gwoxa" data-custom-id="ssgxzjkbddknowdpxiyotsuvmngxagsemlur"><div class="brz-column__items brz-css-ulnnp brz-css-gqdca"><div class="brz-css-rfjgv brz-css-nlurz brz-wrapper"><div class="brz-image brz-css-ewvam brz-css-cxzyl"><a class="brz-a" href="https://johnhenrique.on.fleek.co/empreendedorismo/mei-abrir-conta-bancaria-de-pessoa-juridica.html" data-brz-link-type="external" id data-custom-id="kvosvbgnanflvjdyboxwjdfrhfwfqqpremew"><picture class="brz-picture brz-d-block brz-p-relative brz-css-eypuy"><source srcset="https://johnhenrique.on.fleek.co/wp-content/plugins/brizy-pro/public/images/no-image.png 1x, https://johnhenrique.on.fleek.co/wp-content/plugins/brizy-pro/public/images/no-image.png 2x" media="(min-width: 992px)"><source srcset="https://johnhenrique.on.fleek.co/wp-content/plugins/brizy-pro/public/images/no-image.png 1x, https://johnhenrique.on.fleek.co/wp-content/plugins/brizy-pro/public/images/no-image.png 2x" media="(min-width: 768px)"><img class="brz-img" srcset="https://johnhenrique.on.fleek.co/wp-content/plugins/brizy-pro/public/images/no-image.png 1x, https://johnhenrique.on.fleek.co/wp-content/plugins/brizy-pro/public/images/no-image.png 2x" src="https://johnhenrique.on.fleek.co/wp-content/plugins/brizy-pro/public/images/no-image.png" alt="" draggable="false" loading="lazy"></picture></a></div></div><div class="brz-css-rfjgv brz-css-hbprq brz-wrapper"><div class="brz-wp-title brz-css-emgbh brz-css-nttzx" data-custom-id="jkmyzehtjotcgubamqfblsdjhcstqxryipen"><a class="brz-a" href="https://johnhenrique.on.fleek.co/empreendedorismo/mei-abrir-conta-bancaria-de-pessoa-juridica.html" data-brz-link-type="external" id><span class="brz-wp-title-content" style="min-height:20px">MEI &#8211; Abrir conta bancária de pessoa jurídica</span></a></div></div></div></div></div><div class="brz-posts__item"><div class="brz-columns brz-css-vyxvc brz-css-ailbi brz-css-gwoxa" data-custom-id="ssgxzjkbddknowdpxiyotsuvmngxagsemlur"><div class="brz-column__items brz-css-ulnnp brz-css-gqdca"><div class="brz-css-rfjgv brz-css-nlurz brz-wrapper"><div class="brz-image brz-css-ewvam brz-css-cxzyl"><a class="brz-a" href="https://johnhenrique.on.fleek.co/empreendedorismo/microempreendedor-individual-mei-chegou-a-hora-de-abrir-sua-empresa.html" data-brz-link-type="external" id data-custom-id="kvosvbgnanflvjdyboxwjdfrhfwfqqpremew"><picture class="brz-picture brz-d-block brz-p-relative brz-css-eypuy"><source srcset="https://johnhenrique.on.fleek.co/wp-content/plugins/brizy-pro/public/images/no-image.png 1x, https://johnhenrique.on.fleek.co/wp-content/plugins/brizy-pro/public/images/no-image.png 2x" media="(min-width: 992px)"><source srcset="https://johnhenrique.on.fleek.co/wp-content/plugins/brizy-pro/public/images/no-image.png 1x, https://johnhenrique.on.fleek.co/wp-content/plugins/brizy-pro/public/images/no-image.png 2x" media="(min-width: 768px)"><img class="brz-img" srcset="https://johnhenrique.on.fleek.co/wp-content/plugins/brizy-pro/public/images/no-image.png 1x, https://johnhenrique.on.fleek.co/wp-content/plugins/brizy-pro/public/images/no-image.png 2x" src="https://johnhenrique.on.fleek.co/wp-content/plugins/brizy-pro/public/images/no-image.png" alt="" draggable="false" loading="lazy"></picture></a></div></div><div class="brz-css-rfjgv brz-css-hbprq brz-wrapper"><div class="brz-wp-title brz-css-emgbh brz-css-nttzx" data-custom-id="jkmyzehtjotcgubamqfblsdjhcstqxryipen"><a class="brz-a" href="https://johnhenrique.on.fleek.co/empreendedorismo/microempreendedor-individual-mei-chegou-a-hora-de-abrir-sua-empresa.html" data-brz-link-type="external" id><span class="brz-wp-title-content" style="min-height:20px">Microempreendedor individual (MEI) &#8211; Chegou a hora de abrir sua empresa!</span></a></div></div></div></div></div><div class="brz-posts__item"><div class="brz-columns brz-css-vyxvc brz-css-ailbi brz-css-gwoxa" data-custom-id="ssgxzjkbddknowdpxiyotsuvmngxagsemlur"><div class="brz-column__items brz-css-ulnnp brz-css-gqdca"><div class="brz-css-rfjgv brz-css-nlurz brz-wrapper"><div class="brz-image brz-css-ewvam brz-css-cxzyl"><a class="brz-a" href="https://johnhenrique.on.fleek.co/empreendedorismo/abrir-empresa-individual.html" data-brz-link-type="external" id data-custom-id="kvosvbgnanflvjdyboxwjdfrhfwfqqpremew"><picture class="brz-picture brz-d-block brz-p-relative brz-css-eypuy"><source srcset="https://johnhenrique.on.fleek.co/wp-content/plugins/brizy-pro/public/images/no-image.png 1x, https://johnhenrique.on.fleek.co/wp-content/plugins/brizy-pro/public/images/no-image.png 2x" media="(min-width: 992px)"><source srcset="https://johnhenrique.on.fleek.co/wp-content/plugins/brizy-pro/public/images/no-image.png 1x, https://johnhenrique.on.fleek.co/wp-content/plugins/brizy-pro/public/images/no-image.png 2x" media="(min-width: 768px)"><img class="brz-img" srcset="https://johnhenrique.on.fleek.co/wp-content/plugins/brizy-pro/public/images/no-image.png 1x, https://johnhenrique.on.fleek.co/wp-content/plugins/brizy-pro/public/images/no-image.png 2x" src="https://johnhenrique.on.fleek.co/wp-content/plugins/brizy-pro/public/images/no-image.png" alt="" draggable="false" loading="lazy"></picture></a></div></div><div class="brz-css-rfjgv brz-css-hbprq brz-wrapper"><div class="brz-wp-title brz-css-emgbh brz-css-nttzx" data-custom-id="jkmyzehtjotcgubamqfblsdjhcstqxryipen"><a class="brz-a" href="https://johnhenrique.on.fleek.co/empreendedorismo/abrir-empresa-individual.html" data-brz-link-type="external" id><span class="brz-wp-title-content" style="min-height:20px">Abrir empresa individual</span></a></div></div></div></div></div></div>                                    
                                                                
                                                        <div class="brz-posts__pagination">
    
</div></div></div></div></div></section><section data-uid="juzycyixxnmujvlbuzkneoirjnoszzypdtii" id="ebooks" class="brz-section brz-css-ldhqi"><div class="brz-section__content brz-section--boxed brz-css-snfbl brz-css-yfwzv" data-custom-id="ryyniawzpwndrhbvzydlvswkkzxcdogtsqyi"><div class="brz-bg"><div class="brz-bg-color"></div></div><div class="brz-container brz-css-kjmas"><div class="brz-css-rfjgv brz-wrapper"><div class="brz-rich-text brz-rich-text__custom brz-css-mfoyd" data-custom-id="xmkplfwnchktudemplfetlgstgusmtcgfogl"><div><p class="brz-css-qcptp"><span class="brz-cp-color7" style="opacity: 0.5;">  </span></p></div></div></div><div class="brz-css-rfjgv brz-css-rppro brz-wrapper"><div class="brz-rich-text brz-rich-text__custom brz-css-mfoyd" data-custom-id="prdqnoydohxihdefnycyykimctxfvudevqdp"><div><p class="brz-css-unpdw"><span class="brz-cp-color2">Aprenda Comigo </span><strong class="brz-cp-color2">Como Entrar No Mercado Digital</strong><span class="brz-cp-color2"> e Ganhar em </span><strong class="brz-cp-color2">M&#xE9;dia R$ 6.100 por m&#xEA;s</strong></p></div></div></div><div class="brz-row__container brz-css-sxfnn" data-custom-id="zovildgujxtiipemugqfgtifvnrvmqywsakd"><div class="brz-row brz-css-ghxyi brz-css-iltwe"><div class="brz-columns brz-css-vyxvc brz-css-tjsgp" data-custom-id="wtcekkbjhqtcpilgnrepeghhlsnkquotwfwx"><div class="brz-bg"><div class="brz-bg-color"></div></div><div class="brz-column__items brz-css-ulnnp brz-css-efcda"><div class="brz-css-rfjgv brz-wrapper"><div class="brz-icon-text brz-css-tkjrr brz-css-wrvnq" data-custom-id="npkliljbvwracdedqgkadeurabpflpzvcarc"><div id class="brz-icon__container" data-custom-id="xnnpxghjimkjfccbbhjbslfhtvarcjhdvotj"><span class="brz-span brz-icon css-15ct115"><svg version="1.1" xmlns="http://www.w3.org/2000/svg" xmlns:xlink="http://www.w3.org/1999/xlink" x="0px" y="0px" viewbox="0 0 24 24" xml:space="preserve" class="brz-icon-svg" data-type="outline" data-name="single-copies"><g transform="translate(0, 0)" class="nc-icon-wrapper" fill="none"><rect x="2" y="9" fill="none" stroke="currentColor" vector-effect="non-scaling-stroke" stroke-linecap="square" stroke-miterlimit="10" width="12" height="14" stroke-linejoin="miter"/> <polyline data-color="color-2" fill="none" stroke="currentColor" vector-effect="non-scaling-stroke" stroke-linecap="square" stroke-miterlimit="10" points=" 6,5 18,5 18,19 " stroke-linejoin="miter"/> <polyline data-color="color-2" fill="none" stroke="currentColor" vector-effect="non-scaling-stroke" stroke-linecap="square" stroke-miterlimit="10" points=" 10,1 22,1 22,15 " stroke-linejoin="miter"/></g></svg></span></div><div class="brz-text-btn"><div class="brz-rich-text brz-rich-text__custom brz-css-mfoyd" data-custom-id="shokhviiiycgzykpujbsbujvukwcxyztgfds"><div><p class="brz-css-dwmws"><span class="brz-cp-color2">Quero Desenvolver Sites Incr&#xED;veis em Poucas Horas, Sem Programar</span></p><p class="brz-css-obvgc"><span class="brz-cp-color7" style="opacity: 0.75;">Aprenda tudo sobre desenvolvimento de sites e lojas virtuais, do zero incluindo negocia&#xE7;&#xE3;o, venda e entrega.</span></p></div></div></div></div></div><div class="brz-wrapper-clone brz-css-idxus"><div class="brz-d-xs-flex brz-flex-xs-wrap brz-css-ennhl"><div class="brz-wrapper-clone__item brz-css-zfeoy" id="vxaymscypfzvsggrywrhspzbvtpvjpkxlsyj"><a class="brz-a brz-btn brz-css-azlds brz-css-fiued" href="https://paginasturbinadas.com.br/" data-brz-link-type="external" id data-custom-id="vxaymscypfzvsggrywrhspzbvtpvjpkxlsyj"><svg version="1.1" xmlns="http://www.w3.org/2000/svg" xmlns:xlink="http://www.w3.org/1999/xlink" x="0px" y="0px" viewbox="0 0 24 24" xml:space="preserve" class="brz-icon-svg brz-css-adluq" data-type="glyph" data-name="tail-right"><g class="nc-icon-wrapper" fill="currentColor"><path fill="currentColor" d="M22.707,11.293L15,3.586L13.586,5l6,6H2c-0.553,0-1,0.448-1,1s0.447,1,1,1h17.586l-6,6L15,20.414 l7.707-7.707C23.098,12.316,23.098,11.684,22.707,11.293z"/></g></svg><span class="brz-span brz-text__editor">É ISSO QUE EU QUERO</span></a></div></div></div></div></div><div class="brz-columns brz-css-vyxvc brz-css-exxgz" data-custom-id="itfqktomhteycmdigavcmdwzrkygccadwgim"><div class="brz-bg"><div class="brz-bg-color"></div></div><div class="brz-column__items brz-css-ulnnp brz-css-lhdbq"><div class="brz-css-rfjgv brz-wrapper"><div class="brz-icon-text brz-css-tkjrr brz-css-zdymp" data-custom-id="uixllwgthfbohsiufrkbfyfjmaztriklnfma"><div id class="brz-icon__container" data-custom-id="qqxyvinwdgiucbkvjpkpvqpiklumxwxlmdku"><span class="brz-span brz-icon css-15djuq3"><svg version="1.1" xmlns="http://www.w3.org/2000/svg" xmlns:xlink="http://www.w3.org/1999/xlink" x="0px" y="0px" viewbox="0 0 24 24" xml:space="preserve" class="brz-icon-svg" data-type="outline" data-name="money-coins"><g transform="translate(0, 0)" class="nc-icon-wrapper" fill="none"><polyline data-cap="butt" data-color="color-2" fill="none" stroke="currentColor" vector-effect="non-scaling-stroke" stroke-miterlimit="10" points="7,13 1,13 1,1 19,1 19,9.171 " stroke-linejoin="miter" stroke-linecap="butt"/> <path data-cap="butt" fill="none" stroke="currentColor" vector-effect="non-scaling-stroke" stroke-miterlimit="10" d="M11,12v4c0,1.657,2.686,3,6,3 s6-1.343,6-3v-4" stroke-linejoin="miter" stroke-linecap="butt"/> <path data-cap="butt" fill="none" stroke="currentColor" vector-effect="non-scaling-stroke" stroke-miterlimit="10" d="M11,16v4c0,1.657,2.686,3,6,3 s6-1.343,6-3v-4" stroke-linejoin="miter" stroke-linecap="butt"/> <ellipse fill="none" stroke="currentColor" vector-effect="non-scaling-stroke" stroke-linecap="square" stroke-miterlimit="10" cx="17" cy="12" rx="6" ry="3" stroke-linejoin="miter"/> <circle data-color="color-2" fill="none" stroke="currentColor" vector-effect="non-scaling-stroke" stroke-linecap="square" stroke-miterlimit="10" cx="10" cy="7" r="1" stroke-linejoin="miter"/> <circle data-color="color-2" data-stroke="none" fill="none" cx="10" cy="7" r="1" stroke-linejoin="miter" stroke-linecap="square"/></g></svg></span></div><div class="brz-text-btn"><div class="brz-rich-text brz-rich-text__custom brz-css-mfoyd" data-custom-id="ijxsqmbsfpqvkmtjfliohzdtlazdjptjysef"><div><p class="brz-css-dbzfz"><span class="brz-cp-color2">Quero Criar Campanhas de Marketing Digital e Vendas Online</span></p><p class="brz-css-yeiux"><span class="brz-cp-color7" style="opacity: 0.75;">Aprenda tudo sobre campanhas de tr&#xE1;fego pago e org&#xE2;nico para vendas online.</span></p></div></div></div></div></div><div class="brz-wrapper-clone brz-css-idxus"><div class="brz-d-xs-flex brz-flex-xs-wrap brz-css-ennhl"><div class="brz-wrapper-clone__item brz-css-zfeoy" id="mbcmanmbstilluetkmquuqegsygiewmvjqik"><a class="brz-a brz-btn brz-css-azlds brz-css-jtndo" href="https://desafioprimeiravenda.com.br/" data-brz-link-type="external" id data-custom-id="mbcmanmbstilluetkmquuqegsygiewmvjqik"><svg version="1.1" xmlns="http://www.w3.org/2000/svg" xmlns:xlink="http://www.w3.org/1999/xlink" x="0px" y="0px" viewbox="0 0 24 24" xml:space="preserve" class="brz-icon-svg brz-css-adluq" data-type="glyph" data-name="tail-right"><g class="nc-icon-wrapper" fill="currentColor"><path fill="currentColor" d="M22.707,11.293L15,3.586L13.586,5l6,6H2c-0.553,0-1,0.448-1,1s0.447,1,1,1h17.586l-6,6L15,20.414 l7.707-7.707C23.098,12.316,23.098,11.684,22.707,11.293z"/></g></svg><span class="brz-span brz-text__editor">É ISSO QUE EU QUERO</span></a></div></div></div></div></div></div></div></div></div></section><section data-uid="diiktxtinlxofkvriaifhybozdumhsszrhem" id="diiktxtinlxofkvriaifhybozdumhsszrhem" class="brz-section brz-css-ldhqi"><div class="brz-section__content brz-section--boxed brz-css-snfbl brz-css-fsdld" data-custom-id="dhyezjnydapozhxzwqrcbdeuycyybmomxwiy"><div class="brz-bg"><div class="brz-bg-color"></div></div><div class="brz-container brz-css-kjmas"><div class="brz-row__container brz-css-sxfnn" data-custom-id="urotkbnzmuazlxztbvwuwobtlzfptddtnwtx"><div class="brz-row brz-css-ghxyi brz-css-efuod"><div class="brz-columns brz-css-vyxvc" data-custom-id="yppupbdbzfkfkiohadggdmamlyhylmbsvunw"><div class="brz-column__items brz-css-ulnnp brz-css-btazp"><div class="brz-css-rfjgv brz-css-ehtqa brz-wrapper"><div class="brz-image brz-css-mrznm"><a class="brz-a" href="https://johnhenrique.on.fleek.co/" data-brz-link-type="external" id data-custom-id="xdzqlpdtgssxskbcxmycisgxyizdauuqcnrn"><picture class="brz-picture brz-d-block brz-p-relative brz-css-avzva"><source srcset="https://johnhenrique.on.fleek.co/wp-content/uploads/brizy/imgs/logo-john-bl-84x18x0x0x84x18x1600754613.png 1x, https://johnhenrique.on.fleek.co/wp-content/uploads/brizy/imgs/logo-john-bl-168x36x0x0x168x36x1600754613.png 2x" media="(min-width: 992px)"><source srcset="https://johnhenrique.on.fleek.co/wp-content/uploads/brizy/imgs/logo-john-bl-177x38x0x0x177x38x1600754613.png 1x, https://johnhenrique.on.fleek.co/wp-content/uploads/brizy/imgs/logo-john-bl-354x76x0x0x354x76x1600754613.png 2x" media="(min-width: 768px)"><img class="brz-img" srcset="https://johnhenrique.on.fleek.co/wp-content/uploads/brizy/imgs/logo-john-bl-237x51x0x0x237x51x1600754613.png 1x, https://johnhenrique.on.fleek.co/wp-content/uploads/brizy/imgs/logo-john-bl-474x102x0x0x474x102x1600754613.png 2x" src="https://johnhenrique.on.fleek.co/wp-content/uploads/brizy/imgs/logo-john-bl-84x18x0x0x84x18x1600754613.png" alt="" draggable="false" loading="lazy"></picture></a></div></div></div></div><div class="brz-columns brz-css-vyxvc" data-custom-id="cmcwshvydvggxtdzjdllcrplouognwutrijy"><div class="brz-column__items brz-css-ulnnp brz-css-vgalx"><div class="brz-wrapper-clone brz-css-idxus"><div class="brz-d-xs-flex brz-flex-xs-wrap brz-css-ennhl brz-css-kjfvl"><div class="brz-wrapper-clone__item brz-css-zfeoy brz-css-eibmt" id="shnjepqqmhkgdsiyyjbsdzzzpknpoyopsgcz"><a class="brz-a brz-anchor brz-btn brz-css-azlds brz-css-dhaxf" href="#tnniaizlfexyewkwcbqpxahbmnvspsuqckbg" data-brz-link-type="anchor" id data-custom-id="shnjepqqmhkgdsiyyjbsdzzzpknpoyopsgcz"><span class="brz-span brz-text__editor">Sobre</span></a></div><div class="brz-wrapper-clone__item brz-css-zfeoy brz-css-eibmt" id="bdgraicbjgdpxidbyvxljwxbxoohayycwycz"><a class="brz-a brz-btn brz-css-azlds brz-css-sfvwg" href="https://johnhenrique.on.fleek.co/politica-de-privacidade-2" data-brz-link-type="external" id data-custom-id="bdgraicbjgdpxidbyvxljwxbxoohayycwycz"><span class="brz-span brz-text__editor">Política de Privacidade</span></a></div></div></div></div></div></div></div><div class="brz-row__container brz-css-sxfnn" data-custom-id="nplnagbqfiqyktzvkpbcqulwjonfvoeuacmm"><div class="brz-row brz-css-ghxyi brz-css-iltwe"><div class="brz-columns brz-css-vyxvc brz-css-hsvsc" data-custom-id="xffcdzcqimboreseexckwomuggrgufwxyxre"><div class="brz-column__items brz-css-ulnnp brz-css-nnzap"><div class="brz-wrapper-clone brz-css-idxus brz-css-zjafu"><div class="brz-d-xs-flex brz-flex-xs-wrap brz-css-ennhl brz-css-efgkr"><div class="brz-wrapper-clone__item brz-css-zfeoy brz-css-ciaqb" id="dbvmxobsvvqdrlkadxdoeqjioaomssuvwych"><div id class="brz-icon__container" data-custom-id="dbvmxobsvvqdrlkadxdoeqjioaomssuvwych"><span class="brz-span brz-icon css-am9i7r"><svg version="1.1" xmlns="http://www.w3.org/2000/svg" xmlns:xlink="http://www.w3.org/1999/xlink" x="0px" y="0px" viewbox="0 0 24 24" xml:space="preserve" class="brz-icon-svg" data-type="glyph" data-name="logo-facebook"><g class="nc-icon-wrapper" fill="currentColor"><path fill="currentColor" d="M22,0H2C0.895,0,0,0.895,0,2v20c0,1.105,0.895,2,2,2h11v-9h-3v-4h3V8.413c0-3.1,1.893-4.788,4.659-4.788 c1.325,0,2.463,0.099,2.795,0.143v3.24l-1.918,0.001c-1.504,0-1.795,0.715-1.795,1.763V11h4.44l-1,4h-3.44v9H22c1.105,0,2-0.895,2-2 V2C24,0.895,23.105,0,22,0z"/></g></svg></span></div></div><div class="brz-wrapper-clone__item brz-css-zfeoy brz-css-ciaqb" id="hwsqcrysuydxpetmoeiouetqrwgoatquunpu"><div id class="brz-icon__container" data-custom-id="hwsqcrysuydxpetmoeiouetqrwgoatquunpu"><span class="brz-span brz-icon css-am9i7r"><svg version="1.1" xmlns="http://www.w3.org/2000/svg" xmlns:xlink="http://www.w3.org/1999/xlink" x="0px" y="0px" viewbox="0 0 24 24" xml:space="preserve" class="brz-icon-svg" data-type="glyph" data-name="logo-instagram"><g class="nc-icon-wrapper" fill="currentColor"><path fill="currentColor" d="M12,2.162c3.204,0,3.584,0.012,4.849,0.07c1.366,0.062,2.633,0.336,3.608,1.311 c0.975,0.975,1.249,2.242,1.311,3.608c0.058,1.265,0.07,1.645,0.07,4.849s-0.012,3.584-0.07,4.849 c-0.062,1.366-0.336,2.633-1.311,3.608c-0.975,0.975-2.242,1.249-3.608,1.311c-1.265,0.058-1.645,0.07-4.849,0.07 s-3.584-0.012-4.849-0.07c-1.366-0.062-2.633-0.336-3.608-1.311c-0.975-0.975-1.249-2.242-1.311-3.608 c-0.058-1.265-0.07-1.645-0.07-4.849s0.012-3.584,0.07-4.849c0.062-1.366,0.336-2.633,1.311-3.608 c0.975-0.975,2.242-1.249,3.608-1.311C8.416,2.174,8.796,2.162,12,2.162 M12,0C8.741,0,8.332,0.014,7.052,0.072 c-1.95,0.089-3.663,0.567-5.038,1.942C0.639,3.389,0.161,5.102,0.072,7.052C0.014,8.332,0,8.741,0,12 c0,3.259,0.014,3.668,0.072,4.948c0.089,1.95,0.567,3.663,1.942,5.038c1.375,1.375,3.088,1.853,5.038,1.942 C8.332,23.986,8.741,24,12,24s3.668-0.014,4.948-0.072c1.95-0.089,3.663-0.567,5.038-1.942c1.375-1.375,1.853-3.088,1.942-5.038 C23.986,15.668,24,15.259,24,12s-0.014-3.668-0.072-4.948c-0.089-1.95-0.567-3.663-1.942-5.038 c-1.375-1.375-3.088-1.853-5.038-1.942C15.668,0.014,15.259,0,12,0L12,0z"/> <path data-color="color-2" fill="currentColor" d="M12,5.838c-3.403,0-6.162,2.759-6.162,6.162S8.597,18.162,12,18.162s6.162-2.759,6.162-6.162 S15.403,5.838,12,5.838z M12,16c-2.209,0-4-1.791-4-4s1.791-4,4-4s4,1.791,4,4S14.209,16,12,16z"/> <circle data-color="color-2" fill="currentColor" cx="18.406" cy="5.594" r="1.44"/></g></svg></span></div></div><div class="brz-wrapper-clone__item brz-css-zfeoy brz-css-ciaqb" id="fimfvpoqcdcibmhsyyxcyqrfabqdfegyfmyd"><div id class="brz-icon__container" data-custom-id="fimfvpoqcdcibmhsyyxcyqrfabqdfegyfmyd"><span class="brz-span brz-icon css-fz3e0v"><svg version="1.1" xmlns="http://www.w3.org/2000/svg" xmlns:xlink="http://www.w3.org/1999/xlink" x="0px" y="0px" viewbox="0 0 24 24" xml:space="preserve" class="brz-icon-svg" data-type="glyph" data-name="logo-youtube"><g class="nc-icon-wrapper" fill="currentColor"><path fill="currentColor" d="M23.8,7.2c0,0-0.2-1.7-1-2.4c-0.9-1-1.9-1-2.4-1C17,3.6,12,3.6,12,3.6h0c0,0-5,0-8.4,0.2 c-0.5,0.1-1.5,0.1-2.4,1c-0.7,0.7-1,2.4-1,2.4S0,9.1,0,11.1v1.8c0,1.9,0.2,3.9,0.2,3.9s0.2,1.7,1,2.4c0.9,1,2.1,0.9,2.6,1 c1.9,0.2,8.2,0.2,8.2,0.2s5,0,8.4-0.3c0.5-0.1,1.5-0.1,2.4-1c0.7-0.7,1-2.4,1-2.4s0.2-1.9,0.2-3.9v-1.8C24,9.1,23.8,7.2,23.8,7.2z M9.5,15.1l0-6.7l6.5,3.4L9.5,15.1z"/></g></svg></span></div></div></div></div></div></div></div></div></div></div></section></div><p>The post <a href="https://johnhenrique.on.fleek.co/empreendedorismo/abrir-empresa-individual.html">Abrir empresa individual</a> first appeared on <a href="https://johnhenrique.on.fleek.co/">JOHN-HENRIQUE</a>.</p>]]></content:encoded>
					
					<wfw:commentRss>https://johnhenrique.on.fleek.co/empreendedorismo/abrir-empresa-individual.html/feed</wfw:commentRss>
			<slash:comments>0</slash:comments>
		
		
			</item>
	</channel>
</rss>

<!--
Performance optimized by W3 Total Cache. Learn more: https://www.boldgrid.com/w3-total-cache/

Page Caching using disk: enhanced (Page is feed) 
Minified using disk
Database Caching 19/104 queries in 0.055 seconds using disk

Served from: johnhenrique.com.br @ 2022-08-22 03:18:29 by W3 Total Cache
-->