<?xml version="1.0" encoding="UTF-8"?><rss version="2.0"
	xmlns:content="http://purl.org/rss/1.0/modules/content/"
	xmlns:wfw="http://wellformedweb.org/CommentAPI/"
	xmlns:dc="http://purl.org/dc/elements/1.1/"
	xmlns:atom="http://www.w3.org/2005/Atom"
	xmlns:sy="http://purl.org/rss/1.0/modules/syndication/"
	xmlns:slash="http://purl.org/rss/1.0/modules/slash/"
	>

<channel>
	<title>Rádio | JOHN-HENRIQUE</title>
	<atom:link href="https://johnhenrique.on.fleek.co/tag/radio/feed" rel="self" type="application/rss+xml" />
	<link>https://johnhenrique.on.fleek.co/</link>
	<description>Desenvolvendo web e móvel sem complicação</description>
	<lastBuildDate>Thu, 24 Jan 2019 12:43:24 +0000</lastBuildDate>
	<language>pt-BR</language>
	<sy:updatePeriod>
	hourly	</sy:updatePeriod>
	<sy:updateFrequency>
	1	</sy:updateFrequency>
	<generator>https://wordpress.org/?v=6.0.1</generator>

<image>
	<url>https://johnhenrique.on.fleek.co/wp-content/uploads/2020/10/cropped-logo-johnhenrique-icone-32x32.png</url>
	<title>Rádio | JOHN-HENRIQUE</title>
	<link>https://johnhenrique.on.fleek.co/</link>
	<width>32</width>
	<height>32</height>
</image> 
	<item>
		<title>Comprar drone barato com câmera</title>
		<link>https://johnhenrique.on.fleek.co/aeromodelismo/comprar-drone-barato-com-camera.html</link>
					<comments>https://johnhenrique.on.fleek.co/aeromodelismo/comprar-drone-barato-com-camera.html#respond</comments>
		
		<dc:creator><![CDATA[John]]></dc:creator>
		<pubDate>Mon, 28 Jan 2019 12:29:46 +0000</pubDate>
				<category><![CDATA[Aeromodelismo]]></category>
		<category><![CDATA[Aeromodelo]]></category>
		<category><![CDATA[Bateria]]></category>
		<category><![CDATA[Câmera]]></category>
		<category><![CDATA[Drone]]></category>
		<category><![CDATA[Rádio]]></category>
		<guid isPermaLink="false">https://johnhenrique.on.fleek.co/?p=965</guid>

					<description><![CDATA[<p>Conheça 3 modelos de drone com câmera. Quando o assunto é drone o maior interesse é ter um com câmera pra voar tendo a visão de quem estivesse pilotando de dentro do aeromodelo. Existem vários modelos de drones simples sem câmera, mas também existem modelos simples com câmera com ótima qualidade de imagem, alguns permitem até&#8230; <a class="more-link" href="https://johnhenrique.on.fleek.co/aeromodelismo/comprar-drone-barato-com-camera.html">Continuar lendo <span class="screen-reader-text">Comprar drone barato com câmera</span></a></p>
<p>The post <a href="https://johnhenrique.on.fleek.co/aeromodelismo/comprar-drone-barato-com-camera.html">Comprar drone barato com câmera</a> first appeared on <a href="https://johnhenrique.on.fleek.co/">JOHN-HENRIQUE</a>.</p>]]></description>
										<content:encoded><![CDATA[<p>Conheça 3 modelos de <strong>drone com câmera</strong>. Quando o assunto é drone o maior interesse é ter um com câmera pra voar tendo a visão de quem estivesse pilotando de dentro do aeromodelo. Existem vários modelos de drones simples sem câmera, mas também existem modelos simples com câmera com ótima qualidade de imagem, alguns permitem até fotografar ou controlar o drone através do celular.<span id="more-965"></span></p>
<p>Primeiramente quero deixar claro que existe uma diferença entre os drones, neste caso, iremos falar sobre os drones com quatro motores conhecidos como quadricóptero, este tipo de drone tem como característica principal ter 4 braços, dai o nome, possui decolagem vertical e é o tipo de drone mais comum. Daqui em diante passaremos a chama os drones pelo nome correto, quadricóptero. Outro ponto importante é que por ser um equipamento movido por controle remoto, quanto mais canais possuir mais controle você terá sobre o voo, logo, um modelo de 6 canais voa melhor que um modelo de 3. No post <a href="https://johnhenrique.on.fleek.co/comprar-drone-com-camera">Comprar drone com câmera</a> apresentamos algumas considerações importantes para você avaliar antes de adquirir seu primeiro drone.</p>
<h3><span id="Drone_JJRC_H8C_4_canais_e_camera">Drone JJRC H8C 4 canais e câmera</span></h3>
<figure id="attachment_968" aria-describedby="caption-attachment-968" style="width: 600px" class="wp-caption alignnone"><img class="size-full wp-image-968" src="https://johnhenrique.on.fleek.co/wp-content/uploads/2019/01/drone-com-camera-jjrc-h8c-DFD-e1430403922607.jpg" alt="Drone JJRC H8C 4 canais e câmera" width="600" height="295" srcset="https://johnhenrique.on.fleek.co/wp-content/uploads/2019/01/drone-com-camera-jjrc-h8c-DFD-e1430403922607.jpg 600w, https://johnhenrique.on.fleek.co/wp-content/uploads/2019/01/drone-com-camera-jjrc-h8c-DFD-e1430403922607-300x148.jpg 300w" sizes="(max-width: 600px) 100vw, 600px" /><figcaption id="caption-attachment-968" class="wp-caption-text">Drone JJRC H8C 4 canais e câmera</figcaption></figure>
<p>&nbsp;</p>
<p>O primeiro de nossa lista é o JJRC H8C, este modelo possui duas opções de cores preto e branco. Este modelo possui câmera de 2 MP, é um modelo muito completo, rico em detalhes e lembra bastante o quadricóptero DJI Phantom (não indicado para iniciantes). Possui aproximadamente 40CM x 11CM de tamanho, a câmera vai instalada na parte inferior, possui 4 canais, o tempo de voo chega a 8 minutos e alcança aproximadamente 80 metros de distância!</p>
<p>Não deixa a desejar em nada, o custo de manutenção é realmente baixo, todas as peças são baratas e feitas com material flexível e isto torna-os mais resistentes a quedas. O melhor de tudo custa em média R$ 160, veja <a href="http://goo.gl/NOUyZK" target="_blank" rel="noopener">http://goo.gl/NOUyZK</a></p>
<h4>Onde comprar?</h4>
<ul>
<li>Quadricóptero <strong>JJRC H8C</strong> <a href="http://goo.gl/NOUyZK" target="_blank" rel="noopener">http://goo.gl/NOUyZK</a></li>
<li>Hélices <a href="http://goo.gl/dbQQpY" target="_blank" rel="noopener">http://goo.gl/dbQQpY</a></li>
<li>Protetor de hélices <a href="http://goo.gl/gAo9IR" target="_blank" rel="noopener">http://goo.gl/gAo9IR</a></li>
<li>Trem de pouso <a href="http://goo.gl/kEsKph" target="_blank" rel="noopener">http://goo.gl/kEsKph</a></li>
<li>Bateria <a href="http://goo.gl/mNuevU" target="_blank" rel="noopener">http://goo.gl/mNuevU</a></li>
<li>Carregador <a href="http://goo.gl/IgZej0" target="_blank" rel="noopener">http://goo.gl/IgZej0</a></li>
<li>Frame <a href="http://goo.gl/kuxWQG" target="_blank" rel="noopener">http://goo.gl/kuxWQG</a></li>
<li>LEDs das luzes de navegação <a href="http://goo.gl/i7KL9g" target="_blank" rel="noopener">http://goo.gl/i7KL9g</a></li>
<li>Câmera <a href="http://goo.gl/w52Dkm" target="_blank" rel="noopener">http://goo.gl/w52Dkm</a></li>
</ul>
<h3><span id="Drone_Syma_X5C_4_canais_ecamera">Drone Syma X5C 4 canais e câmera</span></h3>
<figure id="attachment_967" aria-describedby="caption-attachment-967" style="width: 600px" class="wp-caption alignnone"><img loading="lazy" class="size-full wp-image-967" src="https://johnhenrique.on.fleek.co/wp-content/uploads/2019/01/drone-com-camera-syma-x5c-e1430424340868.jpg" alt="Drone Syma X5C 4 canais e câmera" width="600" height="300" srcset="https://johnhenrique.on.fleek.co/wp-content/uploads/2019/01/drone-com-camera-syma-x5c-e1430424340868.jpg 600w, https://johnhenrique.on.fleek.co/wp-content/uploads/2019/01/drone-com-camera-syma-x5c-e1430424340868-300x150.jpg 300w" sizes="(max-width: 600px) 100vw, 600px" /><figcaption id="caption-attachment-967" class="wp-caption-text">Drone Syma X5C 4 canais e câmera</figcaption></figure>
<p>&nbsp;</p>
<p>&nbsp;</p>
<p>Este é o <strong>Syma X5C</strong>, disponível apenas na cor branco. Este modelo possui câmera de 2 MP, é um modelo muito completo, permite gravar e fazer fotos ao mesmo tempo, basta selecionar no controle (durante o voo). Possui aproximadamente 31CM x 8CM de tamanho, a câmera vai instalada na parte inferior, possui 4 canais, o tempo de voo chega a 7 minutos e alcança aproximadamente 50 metros.</p>
<p>Todas as peças são baratas e feitas com material flexível e isto as torna mais resistentes a danos. O melhor de tudo custa em média R$ 170, veja <a href="http://goo.gl/SGHcM9" target="_blank" rel="noopener">http://goo.gl/SGHcM9</a></p>
<h4>Onde comprar?</h4>
<ul>
<li>Quadricóptero <strong>Syma X5C</strong> <a href="http://goo.gl/SGHcM9" target="_blank" rel="noopener">http://goo.gl/SGHcM9</a></li>
<li>Hélices <a href="http://goo.gl/apS1f6" target="_blank" rel="noopener">http://goo.gl/apS1f6</a></li>
<li>Protetor de hélices <a href="http://goo.gl/KT8jG6" target="_blank" rel="noopener">http://goo.gl/KT8jG6</a></li>
<li>Trem de pouso <a href="http://goo.gl/sNBZc7" target="_blank" rel="noopener">http://goo.gl/sNBZc7</a></li>
<li>Bateria <a href="http://goo.gl/77EfOY" target="_blank" rel="noopener">http://goo.gl/77EfOY</a></li>
<li>Carregador <a href="http://goo.gl/IgZej0" target="_blank" rel="noopener">http://goo.gl/IgZej0</a></li>
<li>Frame <a href="http://goo.gl/jU1opz" target="_blank" rel="noopener">http://goo.gl/jU1opz</a></li>
<li>LEDs das luzes de navegação <a href="http://goo.gl/R3KBAs" target="_blank" rel="noopener">http://goo.gl/R3KBAs</a></li>
<li>Câmera <a href="http://goo.gl/JhzF6n" target="_blank" rel="noopener">http://goo.gl/JhzF6n</a></li>
</ul>
<h3><span id="Drone_Hubsan_X4_H107C_4_canais_e_camera">Drone Hubsan X4 H107C 4 canais e câmera</span></h3>
<figure id="attachment_966" aria-describedby="caption-attachment-966" style="width: 600px" class="wp-caption alignnone"><img loading="lazy" class="size-full wp-image-966" src="https://johnhenrique.on.fleek.co/wp-content/uploads/2019/01/drone-com-camera-hubsan-x4-h107c.jpg" alt="Drone Hubsan X4 H107C 4 canais e câmera" width="600" height="300" srcset="https://johnhenrique.on.fleek.co/wp-content/uploads/2019/01/drone-com-camera-hubsan-x4-h107c.jpg 600w, https://johnhenrique.on.fleek.co/wp-content/uploads/2019/01/drone-com-camera-hubsan-x4-h107c-300x150.jpg 300w" sizes="(max-width: 600px) 100vw, 600px" /><figcaption id="caption-attachment-966" class="wp-caption-text">Drone Hubsan X4 H107C 4 canais e câmera</figcaption></figure>
<p>&nbsp;</p>
<p>Este é um modelo disponível em 3 cores (verde, preto e vermelho), possui um frame mais esportivo, muito bem trabalhado, porem deixa a desejar na qualidade das imagens, a câmera tem apenas 0.3 MP, uma imagem realmente ruim, o tempo de voo é de 7 minutos e alcance de 50 metros. Possui 13 CM x 8 CM de tamanho. Todas as peças são baratas e feitas com material flexível e resistentes a danos. O melhor de tudo custa em média R$ 212, veja <a href="http://goo.gl/IoMIkt" target="_blank" rel="noopener">http://goo.gl/IoMIkt</a></p>
<h4>Onde comprar?</h4>
<ul>
<li>Quadricóptero <b>Hubsan X4 H107C</b> <a href="http://goo.gl/IoMIkt" target="_blank" rel="noopener">http://goo.gl/IoMIkt</a></li>
<li>Hélices <a href="http://goo.gl/8S8M36" target="_blank" rel="noopener">http://goo.gl/8S8M36</a></li>
<li>Protetor de hélices <a href="http://goo.gl/v0tEv1" target="_blank" rel="noopener">http://goo.gl/v0tEv1</a></li>
<li>Trem de pouso <a href="http://goo.gl/WakB78" target="_blank" rel="noopener">http://goo.gl/WakB78</a></li>
<li>Bateria <a href="http://goo.gl/5VORmQ" target="_blank" rel="noopener">http://goo.gl/5VORmQ</a></li>
<li>Carregador <a href="http://goo.gl/fJy2RH" target="_blank" rel="noopener">http://goo.gl/fJy2RH</a></li>
<li>Frame <a href="http://goo.gl/RcWrMU" target="_blank" rel="noopener">http://goo.gl/RcWrMU</a></li>
<li>LEDs das luzes de navegação <a href="http://goo.gl/R3KBAs" target="_blank" rel="noopener">http://goo.gl/R3KBAs</a></li>
<li>Câmera <a href="http://goo.gl/cPuHnK" target="_blank" rel="noopener">http://goo.gl/cPuHnK</a></li>
</ul>
<h3><span id="Conclusao">Conclusão</span></h3>
<p>Entre os modelos de drone apresentados, particularmente eu escolheria o modelo Syma X5C, por parecer um pouco mai robusto e possuir a função fotografar durante o voo enquanto filma. Apesar de que os outros também tem suas funções o modelo Syma parece ser a melhor escolha. E você qual prefere?</p><p>The post <a href="https://johnhenrique.on.fleek.co/aeromodelismo/comprar-drone-barato-com-camera.html">Comprar drone barato com câmera</a> first appeared on <a href="https://johnhenrique.on.fleek.co/">JOHN-HENRIQUE</a>.</p>]]></content:encoded>
					
					<wfw:commentRss>https://johnhenrique.on.fleek.co/aeromodelismo/comprar-drone-barato-com-camera.html/feed</wfw:commentRss>
			<slash:comments>0</slash:comments>
		
		
			</item>
	</channel>
</rss>

<!--
Performance optimized by W3 Total Cache. Learn more: https://www.boldgrid.com/w3-total-cache/

Page Caching using disk: enhanced (Page is feed) 
Minified using disk
Database Caching 1/57 queries in 0.038 seconds using disk

Served from: johnhenrique.com.br @ 2022-08-22 03:19:36 by W3 Total Cache
-->