<?xml version="1.0" encoding="UTF-8"?><rss version="2.0"
	xmlns:content="http://purl.org/rss/1.0/modules/content/"
	xmlns:wfw="http://wellformedweb.org/CommentAPI/"
	xmlns:dc="http://purl.org/dc/elements/1.1/"
	xmlns:atom="http://www.w3.org/2005/Atom"
	xmlns:sy="http://purl.org/rss/1.0/modules/syndication/"
	xmlns:slash="http://purl.org/rss/1.0/modules/slash/"
	>

<channel>
	<title>Notebook | JOHN-HENRIQUE</title>
	<atom:link href="https://johnhenrique.on.fleek.co/tag/notebook/feed" rel="self" type="application/rss+xml" />
	<link>https://johnhenrique.on.fleek.co/</link>
	<description>Desenvolvendo web e móvel sem complicação</description>
	<lastBuildDate>Mon, 28 Jan 2019 10:52:45 +0000</lastBuildDate>
	<language>pt-BR</language>
	<sy:updatePeriod>
	hourly	</sy:updatePeriod>
	<sy:updateFrequency>
	1	</sy:updateFrequency>
	<generator>https://wordpress.org/?v=6.0.1</generator>

<image>
	<url>https://johnhenrique.on.fleek.co/wp-content/uploads/2020/10/cropped-logo-johnhenrique-icone-32x32.png</url>
	<title>Notebook | JOHN-HENRIQUE</title>
	<link>https://johnhenrique.on.fleek.co/</link>
	<width>32</width>
	<height>32</height>
</image> 
	<item>
		<title>Importação de bagagem acompanhada</title>
		<link>https://johnhenrique.on.fleek.co/livre/importacao-de-bagagem-acompanhada.html</link>
					<comments>https://johnhenrique.on.fleek.co/livre/importacao-de-bagagem-acompanhada.html#respond</comments>
		
		<dc:creator><![CDATA[John]]></dc:creator>
		<pubDate>Thu, 07 Feb 2019 10:15:04 +0000</pubDate>
				<category><![CDATA[Livre]]></category>
		<category><![CDATA[Câmera]]></category>
		<category><![CDATA[Importação]]></category>
		<category><![CDATA[Notebook]]></category>
		<category><![CDATA[Tablet]]></category>
		<guid isPermaLink="false">https://johnhenrique.on.fleek.co/?p=1036</guid>

					<description><![CDATA[<p>Importar produtos ficará mais fácil para quem está viajando para outros países, em 2012 a Receita Federal não irá exigir declaração de bagagem acompanhada para pessoas que queiram importar produtos dentro do limite de U$ 500 (Quinhentos dólares), a decisão tem como objetivo diminuir as filas e a demora no atendimento alfandegário dos aeroportos. Mas afinal o que é importar&#8230; <a class="more-link" href="https://johnhenrique.on.fleek.co/livre/importacao-de-bagagem-acompanhada.html">Continuar lendo <span class="screen-reader-text">Importação de bagagem acompanhada</span></a></p>
<p>The post <a href="https://johnhenrique.on.fleek.co/livre/importacao-de-bagagem-acompanhada.html">Importação de bagagem acompanhada</a> first appeared on <a href="https://johnhenrique.on.fleek.co/">JOHN-HENRIQUE</a>.</p>]]></description>
										<content:encoded><![CDATA[<p>Importar produtos ficará mais fácil para quem está viajando para outros países, em 2012 a <em>Receita Federal</em> não irá exigir declaração de <strong>bagagem acompanhada</strong> para pessoas que queiram importar produtos dentro do limite de U$ 500 (Quinhentos dólares), a decisão tem como objetivo diminuir as filas e a demora no atendimento alfandegário dos aeroportos. Mas afinal o que é <strong>importar bagagem acompanhada</strong>?<span id="more-1036"></span></p>
<p>O conteúdo desta página tem como objetivo explicar como realizar importação em viagem,ou seja, a pessoa que irá importar viaja para comprar e trazer pessoalmente seus produtos, para saber <a title="como importar produtos da China" href="https://johnhenrique.on.fleek.co/livre/como-importar-produtos-da-china.html">como importar produtos da China</a> veja a sessão <a href="https://johnhenrique.on.fleek.co/tag/importacao">Importação</a>.</p>
<h2><span id="Bagagem_acompanhada">Bagagem acompanhada</span></h2>
<p>A Receita Federal define bagagem acompanhada como bens que podem ser transportados pelo passageiro no mesmo meio de transporte que ele, ou seja, se você está viajando de avião e comprou um PlayStation 3, você poderá transporta-lo dentro da sua mala e seguir viagem normalmente, isto indica que o PlayStation 3 é uma bagagem acompanhada. Bens como o PlayStation estão isentos de declaração de bagagem acompanhada, desde que dentro das regras.</p>
<h2><span id="Regras_para_importao">Regras para importação</span></h2>
<p>Os bens precisam estar dentro dos limites</p>
<ol>
<li>O bem precisa ser de uso pessoal</li>
<li>O passageiro deve possuir apenas 1 exemplar do bem</li>
<li>O bem não pode estar em caixa lacrada</li>
<li>A soma de toda a bagagem acompanhada não deve exceder a cota de isenção</li>
</ol>
<h2><span id="Itens_isentos_de_impostos">Itens isentos de impostos</span></h2>
<figure id="attachment_1037" aria-describedby="caption-attachment-1037" style="width: 274px" class="wp-caption alignright"><img class="size-full wp-image-1037" src="https://johnhenrique.on.fleek.co/wp-content/uploads/2019/01/camera-digital-filmadoras-celular-e-notebook.jpg" alt="Importar bens de uso pessoal com isenção de imposto" width="274" height="184" /><figcaption id="caption-attachment-1037" class="wp-caption-text">Importar bens de uso pessoal com isenção de imposto</figcaption></figure>
<p><strong>Bens de uso pessoal</strong> estão isentos de taxa de importação, neste caso, os bens de uso pessoal não são somados ao valor permitido por passageiro, veja alguns itens isentos da taxa de importação:</p>
<ul>
<li>Celular e Smartphone</li>
<li>Câmera digital (não profissional)</li>
<li>Vídeo games</li>
<li>iPod, mp3 e mp4</li>
<li>Televisor e monitor</li>
</ul>
<h2><span id="O_que_so_bens_de_uso_pessoal">O que são bens de uso pessoal?</span></h2>
<p>Todos os produtos adquiridos para serem utilizados pela pessoa que o comprou é um item de uso pessoal, como exemplo, um celular. Para comprovar que você está trazendo um item para uso pessoal, você deve possuir apenas um exemplar do celular e é recomendado que o mesmo esteja fora da caixa. Um item dentro da caixa pode indicar que você deseja importa-lo com objetivo de vendê-lo a outra pessoa, neste caso, o agente alfandegário poderá somar o item a sua cota de importação e você precisará pagar Imposto de Importação.</p>
<p>Qualquer pessoa pode importar vários bens de uso pessoal, veja o exemplo de Maria e João:</p>
<blockquote><p>Maria está trazendo como bagagem acompanhada 1 monitor, 1 câmera digital compacta, 1 vídeo game e 1 celular.<br />
João está trazendo como bagagem acompanhada 1 câmera digital profissional, 1 vídeo game e 2 celulares.</p></blockquote>
<p>Maria não terá problemas para importar os bens de uso pessoal que comprou, ela possui 1 exemplar de cada bem, mas João, precisará declarar e <strong>pagar taxas de importação de 50% do valor</strong> para os itens câmera digital profissional e 2 celulares. No caso dos celulares João possui mais de 1 exemplar o que considera-se serem destinados a comércio e a câmera digital que ele adquiriu é um modelo profissional, logo, não será para uso pessoal e sim comercial (profissão).</p>
<h2><span id="No_so_bens_de_uso_pessoal">Não são bens de uso pessoal</span></h2>
<p>Alguns itens não são considerados de uso pessoal, devido ao uso ser diretamente ligado a uso profissional, são exemplos:</p>
<figure id="attachment_1038" aria-describedby="caption-attachment-1038" style="width: 357px" class="wp-caption alignright"><img loading="lazy" class="size-publisher-md wp-image-1038" src="https://johnhenrique.on.fleek.co/wp-content/uploads/2019/01/importar-celular-tablet-notebook-camera-digital-357x210.jpg" alt="Câmera digital profissional, filmadoras e notebooks não são de uso pessoal" width="357" height="210" /><figcaption id="caption-attachment-1038" class="wp-caption-text">Câmera digital profissional, filmadoras e notebooks não são de uso pessoal</figcaption></figure>
<ul>
<li>Câmera digital profissional</li>
<li>Filmadora</li>
<li>Notebooks</li>
<li>Tablets</li>
</ul>
<h2>Cota de importação</h2>
<p>Existem <strong>limites para importação</strong> que varia de acordo com o meio de transporte utilizado. Para transporte terrestre ou fluvial a cota é de U$ 300 (trezentos dólares americanos), em transporte aéreo ou marítimo a cota é um pouco maior U$ 500 (quinhentos dólares americanos). Caso o passageiro exceda a cota em ele pagará 50% de taxa de importação sobre o valor excedente, exemplo: A soma dos bens juntos totaliza U$ 400 e o transporte é aéreo, neste caso o excedente é de U$ 100, então, será adicionado 50% como taxa de importação, devendo o passageiro pagar U$ 50.</p>
<p>O pagamento pode ser realizado numa agência dos Correios ou Banco do Brasil e os bens só são liberados após a comprovação do pagamento das taxas.</p><p>The post <a href="https://johnhenrique.on.fleek.co/livre/importacao-de-bagagem-acompanhada.html">Importação de bagagem acompanhada</a> first appeared on <a href="https://johnhenrique.on.fleek.co/">JOHN-HENRIQUE</a>.</p>]]></content:encoded>
					
					<wfw:commentRss>https://johnhenrique.on.fleek.co/livre/importacao-de-bagagem-acompanhada.html/feed</wfw:commentRss>
			<slash:comments>0</slash:comments>
		
		
			</item>
		<item>
		<title>6 dicas para aumentar a vida útil do seu computador</title>
		<link>https://johnhenrique.on.fleek.co/tecnologia/6-dicas-para-aumentar-a-vida-util-do-seu-computador.html</link>
					<comments>https://johnhenrique.on.fleek.co/tecnologia/6-dicas-para-aumentar-a-vida-util-do-seu-computador.html#respond</comments>
		
		<dc:creator><![CDATA[John]]></dc:creator>
		<pubDate>Thu, 24 Jan 2019 10:15:39 +0000</pubDate>
				<category><![CDATA[Tecnologia]]></category>
		<category><![CDATA[Bateria]]></category>
		<category><![CDATA[Computador]]></category>
		<category><![CDATA[Notebook]]></category>
		<guid isPermaLink="false">https://johnhenrique.on.fleek.co/?p=943</guid>

					<description><![CDATA[<p>Um computador novo não durará para sempre. A vida útil dessas máquinas varia entre dois e quatro anos, mas você pode aumentar o tempo de vida útil do seu computador utilizando estas dicas que preparamos pra você. Refrigeração da máquina Não importa se é um notebook ou desktop, a ventilação é importante para manter os componentes&#8230; <a class="more-link" href="https://johnhenrique.on.fleek.co/tecnologia/6-dicas-para-aumentar-a-vida-util-do-seu-computador.html">Continuar lendo <span class="screen-reader-text">6 dicas para aumentar a vida útil do seu computador</span></a></p>
<p>The post <a href="https://johnhenrique.on.fleek.co/tecnologia/6-dicas-para-aumentar-a-vida-util-do-seu-computador.html">6 dicas para aumentar a vida útil do seu computador</a> first appeared on <a href="https://johnhenrique.on.fleek.co/">JOHN-HENRIQUE</a>.</p>]]></description>
										<content:encoded><![CDATA[<p>Um computador novo não durará para sempre. A vida útil dessas máquinas varia entre <strong>dois e quatro anos</strong>, mas você pode aumentar o tempo de vida útil do seu computador utilizando estas dicas que preparamos pra você.<span id="more-943"></span></p>
<ol>
<li><strong>Refrigeração da máquina</strong></li>
</ol>
<figure id="attachment_946" aria-describedby="caption-attachment-946" style="width: 695px" class="wp-caption alignnone"><img loading="lazy" class="size-full wp-image-946" src="https://johnhenrique.on.fleek.co/wp-content/uploads/2019/01/aumentar-vida-útil-computador-cooler.png" alt="aumentar vida útil computador cooler" width="695" height="300" srcset="https://johnhenrique.on.fleek.co/wp-content/uploads/2019/01/aumentar-vida-útil-computador-cooler.png 695w, https://johnhenrique.on.fleek.co/wp-content/uploads/2019/01/aumentar-vida-útil-computador-cooler-300x129.png 300w" sizes="(max-width: 695px) 100vw, 695px" /><figcaption id="caption-attachment-946" class="wp-caption-text">aumentar vida útil computador cooler</figcaption></figure>
<p>Não importa se é um notebook ou desktop, a ventilação é importante para manter os componentes da máquina funcionando perfeitamente, evitando danos por super aquecimento.</p>
<p>Danos por altas temperaturas aparecem a longo prazo. Por isso, deixe seu computador longe do sol e da umidade, evite deixa-lo próximo a janelas onde ele receba luz direta do sol.</p>
<p>Em relação aos notebooks, atenção redobrada <strong>para não cobrir suas saídas de ar</strong>, evitando posicioná-los sobre as pernas ou uma almofada, o bloqueio das saídas de ar vão causar o aumento da temperatura dos componentes eletrônicos.</p>
<ol start="2">
<li><strong>Limpeza dos componentes</strong></li>
</ol>
<figure id="attachment_948" aria-describedby="caption-attachment-948" style="width: 710px" class="wp-caption alignnone"><img loading="lazy" class="size-full wp-image-948" src="https://johnhenrique.on.fleek.co/wp-content/uploads/2019/01/aumentar-vida-útil-computador-limpeza.jpg" alt="aumentar vida útil computador limpeza" width="710" height="355" srcset="https://johnhenrique.on.fleek.co/wp-content/uploads/2019/01/aumentar-vida-útil-computador-limpeza.jpg 710w, https://johnhenrique.on.fleek.co/wp-content/uploads/2019/01/aumentar-vida-útil-computador-limpeza-300x150.jpg 300w" sizes="(max-width: 710px) 100vw, 710px" /><figcaption id="caption-attachment-948" class="wp-caption-text">aumentar vida útil computador limpeza</figcaption></figure>
<p>Acumulo de poeira é um dos fatores que ajudam a danificar computadores, é normal que componentes como o cooler, gabinete e outras partes comecem a <strong>acumular poeira</strong>. O principal problema é o acumulo de poeira no cooler, impedindo que a hélice gire, causando má circulação do ar e consequentemente super aquecimento, no melhor dos casos o computador começará a reiniciar sozinho.</p>
<p>Procure sempre realizar a limpeza dos componentes internos a cada 6 meses para evitar desgastes e aumentar a vida útil. São itens importantes para a utilização da máquina, faça a limpeza com cuidado, utilizando algo como um pincel de cerdas macias.</p>
<ol start="3">
<li><strong>Instalar antivírus e mantê-lo atualizado</strong></li>
</ol>
<figure id="attachment_945" aria-describedby="caption-attachment-945" style="width: 750px" class="wp-caption alignnone"><img loading="lazy" class="wp-image-945 size-publisher-lg" src="https://johnhenrique.on.fleek.co/wp-content/uploads/2019/01/aumentar-vida-util-computador-antivirus-750x430.jpg" alt="aumentar vida útil computador antivírus" width="750" height="430" /><figcaption id="caption-attachment-945" class="wp-caption-text">aumentar vida útil computador antivírus</figcaption></figure>
<p>Os programas maliciosos também conhecidos como vírus ou<em> malwares</em> podem prejudicar o desempenho do computador e até danificar alguns componentes. Por isso, é importante<strong> instalar um antivírus no computador</strong>, sempre que possível realize a atualização garantindo certa eficiência.</p>
<p>É importante escolher um<em> software</em> de qualidade e ter um bom antivírus, isto garante maior durabilidade do computador e evita possíveis ataques.</p>
<ol start="4">
<li><strong>Desinstalar programas não utilizados</strong></li>
</ol>
<p>É comum lotar o HD, quase sempre existem vários programas que você não utiliza instalados no seu computador, desinstala-los irá ajudar a liberar espaço no HD e memória RAM, automaticamente melhorando o desempenho do computador. Vale lembrar que isso influencia também na vida útil da máquina, uma vez que <strong>seu desgaste fica menor</strong>.</p>
<ol start="5">
<li><strong>Ligar e desligar o corretamente</strong></li>
</ol>
<p>Parece inofensivo, mas a longo prazo pode causar vida útil reduzida. Justamente porque quando não desligado corretamente (sem fechar todos os programas ou apertando diretamente no botão “<em>power</em>”), há um <strong>maior desgaste de peças</strong> como o <em>cooler </em>e outros componentes. Causando a diminuição da durabilidade.</p>
<ol start="6">
<li><strong>Gerenciar a bateria (para notebooks)</strong></li>
</ol>
<figure id="attachment_947" aria-describedby="caption-attachment-947" style="width: 750px" class="wp-caption alignnone"><img loading="lazy" class="size-publisher-lg wp-image-947" src="https://johnhenrique.on.fleek.co/wp-content/uploads/2019/01/aumentar-vida-útil-computador-bateria-750x430.jpg" alt="aumentar vida útil computador bateria" width="750" height="430" /><figcaption id="caption-attachment-947" class="wp-caption-text">aumentar vida útil computador bateria</figcaption></figure>
<p>Deixar o notebook conectado a uma tomada o tempo todo pode provocar <strong>superaquecimento da máquina</strong>, além de prejudicar a bateria, as baterias não funcionam bem sob fortes temperaturas.</p>
<p>Antigamente especialistas recomendavam carregar as baterias até os 80% e voltar a conectar na tomada a partir dos 20 ou 40%, preservando a bateria da sua máquina, porém, com a evolução da tecnologia e até das próprias baterias, os controladores de carga, vão automaticamente ignorar a entrada de carga elétrica quando identificarem que a bateria está carregada evitando superaquecimento. Por falar nisso, você já ouviu falar em algum notebook que superaqueceu e pegou fogo? Nunca nem li, mas isso não quer dizer que não tenha acontecido, porém, são casos muito isolados.</p>
<p>E você tem alguma dica para aumentar a durabilidade do seu computador? Comente ai, vamos adicionando nesta lista <img src="https://s.w.org/images/core/emoji/14.0.0/72x72/1f609.png" alt="😉" class="wp-smiley" style="height: 1em; max-height: 1em;" /></p><p>The post <a href="https://johnhenrique.on.fleek.co/tecnologia/6-dicas-para-aumentar-a-vida-util-do-seu-computador.html">6 dicas para aumentar a vida útil do seu computador</a> first appeared on <a href="https://johnhenrique.on.fleek.co/">JOHN-HENRIQUE</a>.</p>]]></content:encoded>
					
					<wfw:commentRss>https://johnhenrique.on.fleek.co/tecnologia/6-dicas-para-aumentar-a-vida-util-do-seu-computador.html/feed</wfw:commentRss>
			<slash:comments>0</slash:comments>
		
		
			</item>
	</channel>
</rss>

<!--
Performance optimized by W3 Total Cache. Learn more: https://www.boldgrid.com/w3-total-cache/

Page Caching using disk: enhanced (Page is feed) 
Minified using disk
Database Caching 3/61 queries in 0.033 seconds using disk

Served from: johnhenrique.com.br @ 2022-08-22 03:18:45 by W3 Total Cache
-->