<?xml version="1.0" encoding="UTF-8"?><rss version="2.0"
	xmlns:content="http://purl.org/rss/1.0/modules/content/"
	xmlns:wfw="http://wellformedweb.org/CommentAPI/"
	xmlns:dc="http://purl.org/dc/elements/1.1/"
	xmlns:atom="http://www.w3.org/2005/Atom"
	xmlns:sy="http://purl.org/rss/1.0/modules/syndication/"
	xmlns:slash="http://purl.org/rss/1.0/modules/slash/"
	>

<channel>
	<title>Lipo | JOHN-HENRIQUE</title>
	<atom:link href="https://johnhenrique.on.fleek.co/tag/lipo/feed" rel="self" type="application/rss+xml" />
	<link>https://johnhenrique.on.fleek.co/</link>
	<description>Desenvolvendo web e móvel sem complicação</description>
	<lastBuildDate>Thu, 02 Sep 2021 03:32:33 +0000</lastBuildDate>
	<language>pt-BR</language>
	<sy:updatePeriod>
	hourly	</sy:updatePeriod>
	<sy:updateFrequency>
	1	</sy:updateFrequency>
	<generator>https://wordpress.org/?v=6.0.1</generator>

<image>
	<url>https://johnhenrique.on.fleek.co/wp-content/uploads/2020/10/cropped-logo-johnhenrique-icone-32x32.png</url>
	<title>Lipo | JOHN-HENRIQUE</title>
	<link>https://johnhenrique.on.fleek.co/</link>
	<width>32</width>
	<height>32</height>
</image> 
	<item>
		<title>Bateria lipo Rhinocerous Power</title>
		<link>https://johnhenrique.on.fleek.co/sem-categoria/bateria-lipo-rhinocerous-power.html</link>
					<comments>https://johnhenrique.on.fleek.co/sem-categoria/bateria-lipo-rhinocerous-power.html#respond</comments>
		
		<dc:creator><![CDATA[John]]></dc:creator>
		<pubDate>Sun, 27 Jan 2019 12:21:06 +0000</pubDate>
				<category><![CDATA[Sem categoria]]></category>
		<category><![CDATA[Aermodelo]]></category>
		<category><![CDATA[Bateria]]></category>
		<category><![CDATA[Drone]]></category>
		<category><![CDATA[Lipo]]></category>
		<guid isPermaLink="false">https://johnhenrique.on.fleek.co/?p=961</guid>

					<description><![CDATA[<p>Baterias lipo é o combustível para quem tem como hobby o aeromodelismo elétrico, elas são leves e mais baratas que combustível para motores glow. Entre os vários modelos de baterias lipo temos também várias capacidades e valores de descarga diferentes, isto acaba causando certa duvida em alguns praticantes do hobby na hora de escolher uma&#8230; <a class="more-link" href="https://johnhenrique.on.fleek.co/sem-categoria/bateria-lipo-rhinocerous-power.html">Continuar lendo <span class="screen-reader-text">Bateria lipo Rhinocerous Power</span></a></p>
<p>The post <a href="https://johnhenrique.on.fleek.co/sem-categoria/bateria-lipo-rhinocerous-power.html">Bateria lipo Rhinocerous Power</a> first appeared on <a href="https://johnhenrique.on.fleek.co/">JOHN-HENRIQUE</a>.</p>]]></description>
										<content:encoded><![CDATA[<p>Baterias lipo é o combustível para quem tem como hobby o aeromodelismo elétrico, elas são leves e mais baratas que combustível para motores glow. Entre os vários modelos de baterias lipo temos também várias capacidades e valores de descarga diferentes, isto acaba causando certa duvida em alguns praticantes do hobby na hora de escolher uma bateria nova.<span id="more-961"></span></p>
<p>O ideal é que o praticamente tenha pelo menos 4 baterias disponíveis para se divertir por algumas horas, porém, vez ou outra algum imprevisto acaba obrigando a comprar uma nova bateria ou o simples fato de encontrar uma promoção de uma nova marca tentando entrar no mercado. Com isso, apresento 3 marcas de baterias lipo barata e de qualidade aceitável.</p>
<figure id="attachment_962" aria-describedby="caption-attachment-962" style="width: 300px" class="wp-caption alignright"><a href="https://johnhenrique.on.fleek.co/wp-content/uploads/2019/01/Bateria-lipo-Lion-Power-3s-2200-mah-BT680.jpg"><img class="size-medium wp-image-962" src="https://johnhenrique.on.fleek.co/wp-content/uploads/2019/01/Bateria-lipo-Lion-Power-3s-2200-mah-BT680-300x180.jpg" alt="Bateria lipo lion Power" width="300" height="180" srcset="https://johnhenrique.on.fleek.co/wp-content/uploads/2019/01/Bateria-lipo-Lion-Power-3s-2200-mah-BT680-300x180.jpg 300w, https://johnhenrique.on.fleek.co/wp-content/uploads/2019/01/Bateria-lipo-Lion-Power-3s-2200-mah-BT680.jpg 600w" sizes="(max-width: 300px) 100vw, 300px" /></a><figcaption id="caption-attachment-962" class="wp-caption-text">Bateria lipo lion Power</figcaption></figure>
<ol>
<li>Zippy 11.1 V – 1800 mAh</li>
<li>ACE 11.1 V – 1800 mAh</li>
<li>Lion Power 11.1 V – 2200 mAh</li>
<li>Zop Power 11.1 V – 3300 mAh</li>
</ol>
<h3>Prós e contras</h3>
<p>Com exceção da marca Zippy que “tenho” 4, tenho 1 de cada destas citadas acima, elas apresentam <strong>bom acabamento</strong>, até agora não apresentaram nenhum problema, mas tenho 2 pontos contra:</p>
<ol>
<li><strong>Tamanho dos cabos</strong><br />
Cabos são bem curtos aproximadamente 100 mm de comprimento, porém, acaba sendo um tamanho padrão para as baterias.</li>
<li><strong>Conector</strong><br />
O conector é um BT680 (vermelhinho), o mais utilizado é o conector XT60 (amarelinho)</li>
</ol>
<p>Entretanto, os 2 pontos contra que encontrei não impedem o uso, é apenas questão de costume. Basta comprar um conector XT60 fêmea e substituir, mas se você quiser um cabo um pouquinho maior, compensa também comprar um conector XT60 fêmea, um BT680 macho e um pedaço de cabo de 6 a 8 mm (de espessura) e soldar fazendo um adaptador, assim, você evita cortar o cabo original da bateria. Se você não quiser ter todo este trabalho, você pode simplesmente comprar um adaptador BT680 para XT60, custa cerca de R$ 3,50.</p>
<h3>Observação</h3>
<p>Outro ponto interessante entre estas baterias é que, como vários outros produtos chineses eles parecem ser feitos na mesma fabrica, com o mesmo material, mas muda apenas o rótulo (o logo da empresa), ao menos estas que citei ali vieram exatamente iguais, só a marca que é diferente.</p>
<p><strong>Bateria Zippy</strong></p>
<p>Apenas a bateria Zippy que não apresenta todas as características iguais as outras, nela o conector já vem XT60 e a embalagem externa é totalmente diferente, mas a ‘interna’ parece ser do mesmo tipo das outras baterias.</p>
<p>Como citado acima, tenho 4 delas, porém, apenas 1 funciona atualmente, mas nada por questões de problema com a bateria e sim por acidentes, 1 o aeromodelo caiu num canavial e só encontrei 3 dias depois, outras 2 sofreram uma queda forte e as baterias amassaram e a ultima que restou descarregou além do permitido e acabou danificando 1 célula.</p>
<p>Isto não quer dizer que seja uma bateria boa ou ruim, foi apenas um fato que ocorreu comigo, quando eu tinha apenas baterias Zippy. Com as baterias danificadas removi as células ruins e montei um pack 3S com as células boas.</p>
<h3>Onde encontrar?</h3>
<p>Abaixo listo sites onde você pode encontrar estas baterias com o menor preço que encontrei na data desta postagem:</p>
<ul>
<li><a href="http://goo.gl/DGEDJY" target="_blank" rel="noopener">ACE 11,1 V – 1800 mAh</a>  R$ 60,00</li>
<li><a href="http://goo.gl/yXH55Y" target="_blank" rel="noopener">Lion Power 11,1 V – 2200 mAh</a>  R$ 63,00</li>
<li><a href="http://goo.gl/hY0Fd8" target="_blank" rel="noopener">Zop Power 11.1 V – 3300 mAh</a>  R$ 71,50</li>
<li><a href="http://goo.gl/wGLm8O" target="_blank" rel="noopener">Adaptador BT680 para XT60</a>  R$ 3,68</li>
</ul><p>The post <a href="https://johnhenrique.on.fleek.co/sem-categoria/bateria-lipo-rhinocerous-power.html">Bateria lipo Rhinocerous Power</a> first appeared on <a href="https://johnhenrique.on.fleek.co/">JOHN-HENRIQUE</a>.</p>]]></content:encoded>
					
					<wfw:commentRss>https://johnhenrique.on.fleek.co/sem-categoria/bateria-lipo-rhinocerous-power.html/feed</wfw:commentRss>
			<slash:comments>0</slash:comments>
		
		
			</item>
	</channel>
</rss>

<!--
Performance optimized by W3 Total Cache. Learn more: https://www.boldgrid.com/w3-total-cache/

Page Caching using disk: enhanced (Page is feed) 
Minified using disk
Database Caching 1/56 queries in 0.028 seconds using disk

Served from: johnhenrique.com.br @ 2022-08-22 03:19:46 by W3 Total Cache
-->