<?xml version="1.0" encoding="UTF-8"?><rss version="2.0"
	xmlns:content="http://purl.org/rss/1.0/modules/content/"
	xmlns:wfw="http://wellformedweb.org/CommentAPI/"
	xmlns:dc="http://purl.org/dc/elements/1.1/"
	xmlns:atom="http://www.w3.org/2005/Atom"
	xmlns:sy="http://purl.org/rss/1.0/modules/syndication/"
	xmlns:slash="http://purl.org/rss/1.0/modules/slash/"
	>

<channel>
	<title>Computador | JOHN-HENRIQUE</title>
	<atom:link href="https://johnhenrique.on.fleek.co/tag/computador/feed" rel="self" type="application/rss+xml" />
	<link>https://johnhenrique.on.fleek.co/</link>
	<description>Desenvolvendo web e móvel sem complicação</description>
	<lastBuildDate>Thu, 24 Jan 2019 10:30:40 +0000</lastBuildDate>
	<language>pt-BR</language>
	<sy:updatePeriod>
	hourly	</sy:updatePeriod>
	<sy:updateFrequency>
	1	</sy:updateFrequency>
	<generator>https://wordpress.org/?v=6.0.1</generator>

<image>
	<url>https://johnhenrique.on.fleek.co/wp-content/uploads/2020/10/cropped-logo-johnhenrique-icone-32x32.png</url>
	<title>Computador | JOHN-HENRIQUE</title>
	<link>https://johnhenrique.on.fleek.co/</link>
	<width>32</width>
	<height>32</height>
</image> 
	<item>
		<title>6 dicas para aumentar a vida útil do seu computador</title>
		<link>https://johnhenrique.on.fleek.co/tecnologia/6-dicas-para-aumentar-a-vida-util-do-seu-computador.html</link>
					<comments>https://johnhenrique.on.fleek.co/tecnologia/6-dicas-para-aumentar-a-vida-util-do-seu-computador.html#respond</comments>
		
		<dc:creator><![CDATA[John]]></dc:creator>
		<pubDate>Thu, 24 Jan 2019 10:15:39 +0000</pubDate>
				<category><![CDATA[Tecnologia]]></category>
		<category><![CDATA[Bateria]]></category>
		<category><![CDATA[Computador]]></category>
		<category><![CDATA[Notebook]]></category>
		<guid isPermaLink="false">https://johnhenrique.on.fleek.co/?p=943</guid>

					<description><![CDATA[<p>Um computador novo não durará para sempre. A vida útil dessas máquinas varia entre dois e quatro anos, mas você pode aumentar o tempo de vida útil do seu computador utilizando estas dicas que preparamos pra você. Refrigeração da máquina Não importa se é um notebook ou desktop, a ventilação é importante para manter os componentes&#8230; <a class="more-link" href="https://johnhenrique.on.fleek.co/tecnologia/6-dicas-para-aumentar-a-vida-util-do-seu-computador.html">Continuar lendo <span class="screen-reader-text">6 dicas para aumentar a vida útil do seu computador</span></a></p>
<p>The post <a href="https://johnhenrique.on.fleek.co/tecnologia/6-dicas-para-aumentar-a-vida-util-do-seu-computador.html">6 dicas para aumentar a vida útil do seu computador</a> first appeared on <a href="https://johnhenrique.on.fleek.co/">JOHN-HENRIQUE</a>.</p>]]></description>
										<content:encoded><![CDATA[<p>Um computador novo não durará para sempre. A vida útil dessas máquinas varia entre <strong>dois e quatro anos</strong>, mas você pode aumentar o tempo de vida útil do seu computador utilizando estas dicas que preparamos pra você.<span id="more-943"></span></p>
<ol>
<li><strong>Refrigeração da máquina</strong></li>
</ol>
<figure id="attachment_946" aria-describedby="caption-attachment-946" style="width: 695px" class="wp-caption alignnone"><img class="size-full wp-image-946" src="https://johnhenrique.on.fleek.co/wp-content/uploads/2019/01/aumentar-vida-útil-computador-cooler.png" alt="aumentar vida útil computador cooler" width="695" height="300" srcset="https://johnhenrique.on.fleek.co/wp-content/uploads/2019/01/aumentar-vida-útil-computador-cooler.png 695w, https://johnhenrique.on.fleek.co/wp-content/uploads/2019/01/aumentar-vida-útil-computador-cooler-300x129.png 300w" sizes="(max-width: 695px) 100vw, 695px" /><figcaption id="caption-attachment-946" class="wp-caption-text">aumentar vida útil computador cooler</figcaption></figure>
<p>Não importa se é um notebook ou desktop, a ventilação é importante para manter os componentes da máquina funcionando perfeitamente, evitando danos por super aquecimento.</p>
<p>Danos por altas temperaturas aparecem a longo prazo. Por isso, deixe seu computador longe do sol e da umidade, evite deixa-lo próximo a janelas onde ele receba luz direta do sol.</p>
<p>Em relação aos notebooks, atenção redobrada <strong>para não cobrir suas saídas de ar</strong>, evitando posicioná-los sobre as pernas ou uma almofada, o bloqueio das saídas de ar vão causar o aumento da temperatura dos componentes eletrônicos.</p>
<ol start="2">
<li><strong>Limpeza dos componentes</strong></li>
</ol>
<figure id="attachment_948" aria-describedby="caption-attachment-948" style="width: 710px" class="wp-caption alignnone"><img loading="lazy" class="size-full wp-image-948" src="https://johnhenrique.on.fleek.co/wp-content/uploads/2019/01/aumentar-vida-útil-computador-limpeza.jpg" alt="aumentar vida útil computador limpeza" width="710" height="355" srcset="https://johnhenrique.on.fleek.co/wp-content/uploads/2019/01/aumentar-vida-útil-computador-limpeza.jpg 710w, https://johnhenrique.on.fleek.co/wp-content/uploads/2019/01/aumentar-vida-útil-computador-limpeza-300x150.jpg 300w" sizes="(max-width: 710px) 100vw, 710px" /><figcaption id="caption-attachment-948" class="wp-caption-text">aumentar vida útil computador limpeza</figcaption></figure>
<p>Acumulo de poeira é um dos fatores que ajudam a danificar computadores, é normal que componentes como o cooler, gabinete e outras partes comecem a <strong>acumular poeira</strong>. O principal problema é o acumulo de poeira no cooler, impedindo que a hélice gire, causando má circulação do ar e consequentemente super aquecimento, no melhor dos casos o computador começará a reiniciar sozinho.</p>
<p>Procure sempre realizar a limpeza dos componentes internos a cada 6 meses para evitar desgastes e aumentar a vida útil. São itens importantes para a utilização da máquina, faça a limpeza com cuidado, utilizando algo como um pincel de cerdas macias.</p>
<ol start="3">
<li><strong>Instalar antivírus e mantê-lo atualizado</strong></li>
</ol>
<figure id="attachment_945" aria-describedby="caption-attachment-945" style="width: 750px" class="wp-caption alignnone"><img loading="lazy" class="wp-image-945 size-publisher-lg" src="https://johnhenrique.on.fleek.co/wp-content/uploads/2019/01/aumentar-vida-util-computador-antivirus-750x430.jpg" alt="aumentar vida útil computador antivírus" width="750" height="430" /><figcaption id="caption-attachment-945" class="wp-caption-text">aumentar vida útil computador antivírus</figcaption></figure>
<p>Os programas maliciosos também conhecidos como vírus ou<em> malwares</em> podem prejudicar o desempenho do computador e até danificar alguns componentes. Por isso, é importante<strong> instalar um antivírus no computador</strong>, sempre que possível realize a atualização garantindo certa eficiência.</p>
<p>É importante escolher um<em> software</em> de qualidade e ter um bom antivírus, isto garante maior durabilidade do computador e evita possíveis ataques.</p>
<ol start="4">
<li><strong>Desinstalar programas não utilizados</strong></li>
</ol>
<p>É comum lotar o HD, quase sempre existem vários programas que você não utiliza instalados no seu computador, desinstala-los irá ajudar a liberar espaço no HD e memória RAM, automaticamente melhorando o desempenho do computador. Vale lembrar que isso influencia também na vida útil da máquina, uma vez que <strong>seu desgaste fica menor</strong>.</p>
<ol start="5">
<li><strong>Ligar e desligar o corretamente</strong></li>
</ol>
<p>Parece inofensivo, mas a longo prazo pode causar vida útil reduzida. Justamente porque quando não desligado corretamente (sem fechar todos os programas ou apertando diretamente no botão “<em>power</em>”), há um <strong>maior desgaste de peças</strong> como o <em>cooler </em>e outros componentes. Causando a diminuição da durabilidade.</p>
<ol start="6">
<li><strong>Gerenciar a bateria (para notebooks)</strong></li>
</ol>
<figure id="attachment_947" aria-describedby="caption-attachment-947" style="width: 750px" class="wp-caption alignnone"><img loading="lazy" class="size-publisher-lg wp-image-947" src="https://johnhenrique.on.fleek.co/wp-content/uploads/2019/01/aumentar-vida-útil-computador-bateria-750x430.jpg" alt="aumentar vida útil computador bateria" width="750" height="430" /><figcaption id="caption-attachment-947" class="wp-caption-text">aumentar vida útil computador bateria</figcaption></figure>
<p>Deixar o notebook conectado a uma tomada o tempo todo pode provocar <strong>superaquecimento da máquina</strong>, além de prejudicar a bateria, as baterias não funcionam bem sob fortes temperaturas.</p>
<p>Antigamente especialistas recomendavam carregar as baterias até os 80% e voltar a conectar na tomada a partir dos 20 ou 40%, preservando a bateria da sua máquina, porém, com a evolução da tecnologia e até das próprias baterias, os controladores de carga, vão automaticamente ignorar a entrada de carga elétrica quando identificarem que a bateria está carregada evitando superaquecimento. Por falar nisso, você já ouviu falar em algum notebook que superaqueceu e pegou fogo? Nunca nem li, mas isso não quer dizer que não tenha acontecido, porém, são casos muito isolados.</p>
<p>E você tem alguma dica para aumentar a durabilidade do seu computador? Comente ai, vamos adicionando nesta lista <img src="https://s.w.org/images/core/emoji/14.0.0/72x72/1f609.png" alt="😉" class="wp-smiley" style="height: 1em; max-height: 1em;" /></p><p>The post <a href="https://johnhenrique.on.fleek.co/tecnologia/6-dicas-para-aumentar-a-vida-util-do-seu-computador.html">6 dicas para aumentar a vida útil do seu computador</a> first appeared on <a href="https://johnhenrique.on.fleek.co/">JOHN-HENRIQUE</a>.</p>]]></content:encoded>
					
					<wfw:commentRss>https://johnhenrique.on.fleek.co/tecnologia/6-dicas-para-aumentar-a-vida-util-do-seu-computador.html/feed</wfw:commentRss>
			<slash:comments>0</slash:comments>
		
		
			</item>
	</channel>
</rss>

<!--
Performance optimized by W3 Total Cache. Learn more: https://www.boldgrid.com/w3-total-cache/

Page Caching using disk: enhanced (Page is feed) 
Minified using disk
Database Caching 1/57 queries in 0.034 seconds using disk

Served from: johnhenrique.com.br @ 2022-08-22 03:19:37 by W3 Total Cache
-->