<?xml version="1.0" encoding="UTF-8"?><rss version="2.0"
	xmlns:content="http://purl.org/rss/1.0/modules/content/"
	xmlns:wfw="http://wellformedweb.org/CommentAPI/"
	xmlns:dc="http://purl.org/dc/elements/1.1/"
	xmlns:atom="http://www.w3.org/2005/Atom"
	xmlns:sy="http://purl.org/rss/1.0/modules/syndication/"
	xmlns:slash="http://purl.org/rss/1.0/modules/slash/"
	>

<channel>
	<title>JOHN-HENRIQUE</title>
	<atom:link href="https://johnhenrique.on.fleek.co/feed" rel="self" type="application/rss+xml" />
	<link>https://johnhenrique.on.fleek.co/</link>
	<description>Desenvolvendo web e móvel sem complicação</description>
	<lastBuildDate>Sun, 21 Aug 2022 01:04:02 +0000</lastBuildDate>
	<language>pt-BR</language>
	<sy:updatePeriod>
	hourly	</sy:updatePeriod>
	<sy:updateFrequency>
	1	</sy:updateFrequency>
	<generator>https://wordpress.org/?v=6.0.1</generator>

<image>
	<url>https://johnhenrique.on.fleek.co/wp-content/uploads/2020/10/cropped-logo-johnhenrique-icone-32x32.png</url>
	<title>JOHN-HENRIQUE</title>
	<link>https://johnhenrique.on.fleek.co/</link>
	<width>32</width>
	<height>32</height>
</image> 
	<item>
		<title>Como usar OBS Studio para gravar cursos online</title>
		<link>https://johnhenrique.on.fleek.co/tecnologia/como-usar-obs-studio-gravar-cursos-online.html</link>
					<comments>https://johnhenrique.on.fleek.co/tecnologia/como-usar-obs-studio-gravar-cursos-online.html#respond</comments>
		
		<dc:creator><![CDATA[John]]></dc:creator>
		<pubDate>Mon, 15 Aug 2022 18:49:43 +0000</pubDate>
				<category><![CDATA[Tecnologia]]></category>
		<category><![CDATA[Gravar aula]]></category>
		<category><![CDATA[Gravar curso]]></category>
		<category><![CDATA[Gravar tela]]></category>
		<category><![CDATA[HeroSpark]]></category>
		<category><![CDATA[Hotmart]]></category>
		<category><![CDATA[OBS Studio]]></category>
		<guid isPermaLink="false">https://johnhenrique.on.fleek.co/?p=9832</guid>

					<description><![CDATA[<p>Aprenda como usar OBS Studio, um poderoso programa de software que pode ser usado para muitos fins, como jogos, gravação de áudio, vídeo e transmissões ao vivo (lives), neste artigo vou explicar como usar o OBS Studio para gravar. Ele tem muitas características excelentes para fazer vídeos ricos em mídia e outras aplicações. Neste artigo,&#8230; <a class="more-link" href="https://johnhenrique.on.fleek.co/tecnologia/como-usar-obs-studio-gravar-cursos-online.html">Continuar lendo <span class="screen-reader-text">Como usar OBS Studio para gravar cursos online</span></a></p>
<p>The post <a href="https://johnhenrique.on.fleek.co/tecnologia/como-usar-obs-studio-gravar-cursos-online.html">Como usar OBS Studio para gravar cursos online</a> first appeared on <a href="https://johnhenrique.on.fleek.co/">JOHN-HENRIQUE</a>.</p>]]></description>
										<content:encoded><![CDATA[<p>Aprenda <strong>como usar OBS Studio</strong>, um poderoso programa de software que pode ser usado para muitos fins, como jogos, gravação de áudio, vídeo e transmissões ao vivo (lives), neste artigo vou explicar <strong>como usar o OBS Studio para gravar</strong>.<span id="more-9832"></span></p>
<p>Ele tem muitas características excelentes para fazer vídeos ricos em mídia e outras aplicações. Neste artigo, você aprenderá <strong>como usar o OBS Studio para gravar cursos online</strong> usando o aplicativo.</p>
<p>Você pode se perguntar como exatamente posso usar o OBS Studio com meu curso? Abaixo estão alguns passos úteis:</p>
<h2>Planeje o conteúdo das aulas</h2>
<p>Para criar uma aula, você precisará criar um esboço geral, escolher o tipo de informação sobre o qual você quer ensinar, decidir em quais tópicos você quer se concentrar e, em seguida, escolher os tipos de tarefas nas quais você quer trabalhar.</p>
<p>É importante que seu curso tenha entre 5 e 10 módulos para evitar que fique muito extenso ao ponto que os alunos percam o interesse no decorrer das aulas.</p>
<p>Tente manter as aulas com no máximo 20 minutos, mais que isso, tudo fica cansativo, lembra quando você estava nas aulas da escola? Você provavelmente ficava louco para a aula acabar logo, imagine seu aluno que está estudando em casa&#8230;</p>
<h2>Como usar o OBS Studio para apresentar slides e explicar ideias</h2>
<figure id="attachment_9833" aria-describedby="caption-attachment-9833" style="width: 300px" class="wp-caption alignright"><img class="size-medium wp-image-9833" src="https://johnhenrique.on.fleek.co/wp-content/uploads/2022/08/como-usar-obs-studio-para-gravar-aulas-online-1-300x195.jpg" alt="Como usar OBS Studio para gravar cursos online" width="300" height="195" srcset="https://johnhenrique.on.fleek.co/wp-content/uploads/2022/08/como-usar-obs-studio-para-gravar-aulas-online-1-300x195.jpg 300w, https://johnhenrique.on.fleek.co/wp-content/uploads/2022/08/como-usar-obs-studio-para-gravar-aulas-online-1.jpg 600w" sizes="(max-width: 300px) 100vw, 300px" /><figcaption id="caption-attachment-9833" class="wp-caption-text">Como usar OBS Studio para gravar cursos online</figcaption></figure>
<p>Outra ótima maneira de explicar ideias no <strong>OBS Studio</strong> é usar apresentações de slides. Você pode gravar várias exibições da mesma informação, cada uma com um tópico e imagem diferentes.</p>
<p>Embora esta abordagem não seja altamente eficaz para criar experiências de aprendizagem em dois ou três níveis, ela pode ser eficaz ao utilizar múltiplos conceitos ou mesmo lições.</p>
<p>Para criar uma apresentação de slides, você pode usar o Microsoft PowerPoint ou o Google Apresentações (do Google Drive)</p>
<h2>Como usar OBS Studio para gravar aulas</h2>
<p>Para usar o OBS Studio para gravar cursos on-line, você precisará primeiro adquirir o software mas, calma, ele é gratuito, você pode baixá-lo diretamente do site do OBS Studio.</p>
<p>Após a instalação do software, você precisará configurar ao menos uma cena, adicionando o microfone, tela do computador ou câmera, feito isso basta iniciar o processo de gravação.</p>
<p>É importante lembrar que o OBS Studio tem seu próprio formato de vídeo então, após a gravação você precisará converter o arquivo para o formato MP4 que pode ser reproduzido em vários dispositivos.</p>
<p>Para converter um arquivo de vídeo OBS Studio basta ir em <strong>Arquivo -&gt; Converter</strong> arquivos e escolher o arquivo que deseja converter, a conversão é extremamente rápida e não demora nem 1 minuto.</p>
<blockquote><p>Aprenda tudo sobre OBS Studio no <a href="https://johnhenrique.on.fleek.co/curso-obs-studio" rel="nofollow sponsored ">curso Imersão OBS Studio completo</a>.</p></blockquote>
<h2>Agora que sei como usar o OBS Studio, o que posso fazer com os vídeos?</h2>
<p>Dependendo de seus objetivos e de quantas informações você deseja gravar, você pode optar por publicar seu curso em uma plataforma específica ou vendê-lo como um produto.</p>
<p>Se você tem um site, você pode vender o acesso ao seu curso diretamente no seu site ou pode publicá-lo numa plataforma especifica para venda e entrega de cursos online como a Hotmart ou HeroSpark.</p>
<p>Cada plataforma tem suas próprias características e soluções especificas, a escolha de qual delas é a melhor para você vai depender exclusivamente das suas estratégias de vendas. Em todo caso, todas elas costumam cobrar cerca de 10% do valor de cada venda.</p>
<h2>Conclusão: Como usar o OBS Studio</h2>
<p>OBS Studio é gratuito e permite gravar aulas. É uma ótima ferramenta para fazer vídeos e também pode ser usada para criar curso online.</p>
<p>É fácil de usar e oferece muitos recursos excelentes. Se você está procurando uma maneira eficaz de gravar e distribuir seu curso, o OBS Studio é um ótimo caminho a seguir. Ele lhe dá muitos recursos e é fácil de usar. Então, por que não experimentá-lo?</p><p>The post <a href="https://johnhenrique.on.fleek.co/tecnologia/como-usar-obs-studio-gravar-cursos-online.html">Como usar OBS Studio para gravar cursos online</a> first appeared on <a href="https://johnhenrique.on.fleek.co/">JOHN-HENRIQUE</a>.</p>]]></content:encoded>
					
					<wfw:commentRss>https://johnhenrique.on.fleek.co/tecnologia/como-usar-obs-studio-gravar-cursos-online.html/feed</wfw:commentRss>
			<slash:comments>0</slash:comments>
		
		
			</item>
		<item>
		<title>SEO para ecommerce: 5 Dicas Para Vender Mais em 2022</title>
		<link>https://johnhenrique.on.fleek.co/blog/seo-para-ecommerce-5-dicas-vender-mais.html</link>
					<comments>https://johnhenrique.on.fleek.co/blog/seo-para-ecommerce-5-dicas-vender-mais.html#respond</comments>
		
		<dc:creator><![CDATA[John]]></dc:creator>
		<pubDate>Sat, 13 Aug 2022 18:13:25 +0000</pubDate>
				<category><![CDATA[Blog]]></category>
		<category><![CDATA[SEO]]></category>
		<category><![CDATA[SEO para ecommerce]]></category>
		<guid isPermaLink="false">https://johnhenrique.on.fleek.co/?p=9824</guid>

					<description><![CDATA[<p>SEO para eCommerce é ótimo porque você pode obter as melhores classificações para suas palavras-chave específicas e garantir que sua loja apareça nas primeiras posições nos motores de busca. Entretanto, ele também pode ser usado como uma ferramenta de gerenciamento análise SEO para acompanhar o desempenho de seus sites. Se você estiver lutando para vender&#8230; <a class="more-link" href="https://johnhenrique.on.fleek.co/blog/seo-para-ecommerce-5-dicas-vender-mais.html">Continuar lendo <span class="screen-reader-text">SEO para ecommerce: 5 Dicas Para Vender Mais em 2022</span></a></p>
<p>The post <a href="https://johnhenrique.on.fleek.co/blog/seo-para-ecommerce-5-dicas-vender-mais.html">SEO para ecommerce: 5 Dicas Para Vender Mais em 2022</a> first appeared on <a href="https://johnhenrique.on.fleek.co/">JOHN-HENRIQUE</a>.</p>]]></description>
										<content:encoded><![CDATA[<p><strong>SEO para eCommerce</strong> é ótimo porque você pode obter as melhores classificações para suas palavras-chave específicas e garantir que sua loja apareça nas primeiras posições nos motores de busca.<span id="more-9824"></span></p>
<p>Entretanto, ele também pode ser usado como uma ferramenta de gerenciamento análise SEO para acompanhar o desempenho de seus sites. Se você estiver lutando para vender produtos ou serviços on-line, confira estas dicas de um ex-funcionário do Google para ajudar a aumentar seu SEO e vender mais rápido, fácil e seguro.<!--more--></p>
<h2>Chegar ao coração do problema</h2>
<p>Quando as pessoas procuram por produtos ou serviços, elas estão realmente procurando por informações. Por isso, o primeiro passo para se classificar bem para suas palavras-chave é chegar ao cerne do problema que as pessoas estão tentando resolver. Este pode ser o problema que seu cliente está tentando resolver, sua concorrência, ou uma combinação de ambos.</p>
<p>Comece desviando a atenção deles para seu site respondendo às perguntas que os levarão até lá. O que eles estão tentando realizar com sua consulta de busca? Que problema eles estão tentando resolver? Qual é a característica chave que eles querem ver? Como eles podem descobrir se estão acertando com seu produto ou serviço?</p>
<h2>Use palavras-chave para direcionar o tráfego para seu site</h2>
<p>A pesquisa por palavra-chave é o processo de pesquisar os termos de pesquisa que as pessoas estão usando e de apresentar ideias para novas palavras-chave. Tente entender o que as pessoas estão tentando encontrar e resolver com suas palavras-chave.</p>
<figure id="attachment_2263" aria-describedby="caption-attachment-2263" style="width: 319px" class="wp-caption alignright"><img loading="lazy" class=" wp-image-2263" src="https://desafioprimeiravenda.com.br/wp-content/uploads/2022/08/seo-para-ecommerce-woocommerce-seo-loja-virtual.png" alt="SEO para ecommerce" width="319" height="231" /><figcaption id="caption-attachment-2263" class="wp-caption-text">SEO para ecommerce: 5 dicas para vender mais em 2022</figcaption></figure>
<p>Isto lhe dará ideias para novos termos e frases a serem acrescentadas à sua ferramenta de pesquisa de palavras-chave. Por exemplo, se seus clientes estão procurando sites de comércio eletrônico com opções de pagamento Bitcoin, você poderia explorar os termos e frases que os clientes estão usando e tentar encontrar uma correspondência.</p>
<p>A pesquisa por palavra-chave é apenas metade de sua jornada SEO. Quando você escolher as palavras-chave certas, o Google o classificará seu site no inicio das páginas de resultados de pesquisa (SRSLs). Mas escolher as palavras-chave corretas não é suficiente. Você também tem que usá-las corretamente.</p>
<p>Há muitas maneiras de se fazer isso. A primeira é usar as ferramentas de pesquisa por palavras-chave mais comuns na web: Google, Bing e Amazon. A outra é anotar as palavras-chave que você usa em seu site e mantê-lo simples. Uma ferramenta de pesquisa por palavra-chave é o melhor caminho a seguir. Elas permitem que você pesquise por palavras-chave, analise os sites de seus concorrentes para termos-chave e encontre novas ideias de palavras-chave. Utilizar uma ferramenta de pesquisa por palavra-chave: Comece procurando por palavras-chave em seu site.</p>
<p>Esta é a base para qualquer esforço de SEO. Observe o número de páginas que seu site tem e sua importância para a classificação. Escreva as palavras-chave que aparecem em cada página de seu site. Não se esqueça do Texto de Âncora (H1-H2), palavras-chave e descrições! Use uma ferramenta de pesquisa por palavra-chave para analisar sua concorrência e encontrar as palavras-chave e frases que são mais importantes para classificar no Google.</p>
<h2>Criar uma lista de palavras-chave</h2>
<p>A pesquisa por palavra-chave é apenas a metade da batalha em SEO. Você também precisa criar uma lista de palavras-chave que inclua as palavras-chave mais pesquisadas em seu nicho. Desta forma, quando alguém carrega seu site pela primeira vez, as palavras-chave serão o preenchimento automático da barra de pesquisa e a entrada de clientes potenciais diretamente em sua loja.</p>
<p>Você pode criar uma lista de palavras-chave importando a pesquisa de palavras-chave existente do Google clicando na opção &#8216;Pesquisa de palavras-chave&#8217; no canto inferior esquerdo da caixa de pesquisa do Google e selecionando &#8216;Importar palavras-chave de outros sites&#8217;. Você também pode criar uma lista de palavras-chave no Google inserindo palavras-chave na caixa de texto no topo da página e selecionando &#8216;Pesquisar .</p>
<h2>Não tenha medo de pedir ajuda a seu público</h2>
<p>Se você está lutando para vender produtos ou serviços on-line, confira estas dicas de um ex-funcionário do Google para ajudar a aumentar sua SEO e vender mais rápido, fácil e seguro.</p>
<p>Muitas pessoas hesitam em pedir ajuda em um fórum online ou conta de mídia social porque têm medo de que as pessoas pensem que são spammers ou não tenham o conhecimento necessário para entrar no caminho certo. Mas, como ex-funcionário do Google, posso lhe dizer que as pessoas estão realmente ansiosas para ajudar os outros usuários do Google. Basta perguntar, e eles ficarão mais do que felizes em compartilhar seus conhecimentos.</p>
<p>Se alguém está lutando com seu site, é provável que esteja procurando por ajuda. Portanto, peça ajuda e ofereça orientação, mas também informe as pessoas se você tem as respostas e pode ajudar também. É mais provável que as pessoas ajudem aqueles em quem elas confiam e respeitam, portanto, permita que seu público escolha em quem querem confiar e respeitar.</p>
<h2>Faça vídeos e fotos criativas</h2>
<p>Imagens de qualidade vão impressionar seus clientes e te ajudar a vender mais, lembre-se no ecommerce, seu cliente não consegue tocar, cheirar, sentir ou pesar seus produtos então, você precisa impressioná-lo visualmente!</p>
<p>Se for possível contrate um fotografo profissional para criar fotos e vídeos mostrando o melhor dos seus produtos, é muito comum as lojas virtuais usarem fotos amadoras ou copiadas da internet mas, acredite, as lojas que mais se destacam usam imagens criativas e as pessoas se identificam com elas.</p>
<p>Sabemos que a contratação de profissionais é algo caro, como alternativa, criamos um treinamento para te ensinar a <a href="https://johnhenrique.on.fleek.co/fotos-celular" rel="nofollow sponsored ">Fazer fotos incríveis com celular</a>.</p>
<h2>Estabelecer um ótimo atendimento ao cliente</h2>
<p>Quando alguém está procurando seus produtos ou serviços e clica em seu link de ajuda ou suporte, o mais provável é que faça uma pergunta. Facilite para eles o acesso às informações de que precisam, estabelecendo um ótimo atendimento ao cliente.</p>
<p>É importante disponibilizar links para respostas comuns como tempo de entrega, garantias, trocas e devoluções entre outros. O importante é que o cliente consiga a informação o mais rápido possível, se ele conseguir sozinho, você não precisará ter um atendente especificamente para esta finalidade.</p>
<p>Isto pode ser o fim da cadeia de atendimento ao cliente para seu site: seu atendimento ao cliente deve ser capaz de ajudar a descobrir a resposta à sua pergunta desde o início.</p>
<h2>As palavras-chave são grátis, mas nem sempre funcionam. Aprenda a usá-las corretamente.</h2>
<p>A pesquisa por palavra-chave é apenas parte da batalha em SEO. Você também precisa ter certeza de que seu conteúdo é de alto nível para ser classificado. Isto significa que você precisa se certificar de que suas palavras-chave não sejam usadas em excesso e não sejam penalizadas por baixo volume de pesquisa.</p>
<p>Para garantir que suas palavras-chave obtenham o maior volume de busca, tente evitar o emparelhamento de suas palavras-chave com termos irrelevantes. Por exemplo, se suas palavras-chave são &#8220;voos baratos para Londres&#8221; e &#8220;melhor aeroporto para Londres&#8221;, tente encontrar um voo que deixe dois aeroportos diferentes em duas cidades diferentes.</p>
<p>Isto evita que você crie conteúdos duplicados e que possam causar confusão na cabeça dos clientes.</p>
<h2>Use uma lista de verificação SEO</h2>
<p>Use uma lista de verificação SEO para garantir que seu site esteja em conformidade com as regras do Google. Ela exige que você continue monitorando o desempenho de suas páginas e usando as palavras-chave que estão funcionando bem para direcionar o tráfego para seu site.</p>
<p>Para ajudá-lo, aqui está uma visão geral das regras de SEO mais importantes a ter em mente.</p>
<p><strong>Densidade de palavras-chave</strong>: Quanto mais palavras-chave você usar em seu conteúdo primário, maior será sua chance de classificação. Baseando suas palavras-chave em termos de busca que geram baixo volume: Isto é frequentemente chamado de recheio de palavras-chave. Você pode evitar isso escolhendo palavras-chave que sejam descritivas e tenham um baixo volume de busca.</p>
<p><strong>SEO na página</strong>: SEO on-page é o ato de otimizar seu HTML e CSS para garantir que ele siga as diretrizes do Google para o design de páginas web.</p>
<p><strong>SEO off-page</strong>: SEO off-page é o ato de otimizar seus links e outros links externos em seu site para garantir que eles sigam também as diretrizes do Google.</p>
<h2>Invista na qualidade do SEO para ecommerce</h2>
<p>Uma vez encontradas as palavras-chave certas e criado um grande conteúdo em torno delas, o próximo passo é investir na qualidade para garantir que você não perca seu lugar nas páginas de resultados do mecanismo de busca.</p>
<p>Por exemplo, se alguém está procurando um hotel perto da Disneylândia na Califórnia, é muito provável que não esteja procurando os hotéis mais caros da região.</p>
<p>Eles provavelmente estão procurando um hotel que esteja a uma distância razoável do parque. Você deve fazer a mesma coisa com seu conteúdo. Se você quiser se classificar bem para tópicos como &#8220;melhores hotéis perto da Disneylândia&#8221;, certifique-se de que seu conteúdo tenha informações precisas e atualizadas.</p>
<h2>Conclusão</h2>
<p>Uma parte essencial do marketing on-line é direcionar o tráfego para seu site e incentivá-los a fazer compras. SEO é uma parte crucial deste processo, pois visa garantir que sua presença nas páginas de resultados do mecanismo de busca seja favorável. Estas dicas podem ajudá-lo a aumentar sua SEO e vender mais com a ajuda de palavras-chave.</p>
<p>Você pode aprender mais sobre <a href="https://johnhenrique.on.fleek.co/seo-ecommerce" rel="nofollow sponsored ">SEO para lojas virtuais</a> em nosso treinamento <a href="https://johnhenrique.on.fleek.co/seo-ecommerce" rel="nofollow ">SEO para Ecommerce</a>.</p><p>The post <a href="https://johnhenrique.on.fleek.co/blog/seo-para-ecommerce-5-dicas-vender-mais.html">SEO para ecommerce: 5 Dicas Para Vender Mais em 2022</a> first appeared on <a href="https://johnhenrique.on.fleek.co/">JOHN-HENRIQUE</a>.</p>]]></content:encoded>
					
					<wfw:commentRss>https://johnhenrique.on.fleek.co/blog/seo-para-ecommerce-5-dicas-vender-mais.html/feed</wfw:commentRss>
			<slash:comments>0</slash:comments>
		
		
			</item>
		<item>
		<title>Como usar OBS Studio</title>
		<link>https://johnhenrique.on.fleek.co/tecnologia/como-usar-o-obs-studio.html</link>
					<comments>https://johnhenrique.on.fleek.co/tecnologia/como-usar-o-obs-studio.html#respond</comments>
		
		<dc:creator><![CDATA[John]]></dc:creator>
		<pubDate>Thu, 11 Aug 2022 21:19:21 +0000</pubDate>
				<category><![CDATA[Tecnologia]]></category>
		<guid isPermaLink="false">https://johnhenrique.on.fleek.co/?p=9821</guid>

					<description><![CDATA[<p>Como usar o OBS Studio de graça. OBS Studio é um software gratuito e de código aberto para gravação de vídeo e transmissão ao vivo. Ele pode ser usado para gravar sua tela, fazer streaming ao vivo ou até mesmo para transmitir seus jogos. Possui uma variedade de recursos, como gravação de áudio de qualquer&#8230; <a class="more-link" href="https://johnhenrique.on.fleek.co/tecnologia/como-usar-o-obs-studio.html">Continuar lendo <span class="screen-reader-text">Como usar OBS Studio</span></a></p>
<p>The post <a href="https://johnhenrique.on.fleek.co/tecnologia/como-usar-o-obs-studio.html">Como usar OBS Studio</a> first appeared on <a href="https://johnhenrique.on.fleek.co/">JOHN-HENRIQUE</a>.</p>]]></description>
										<content:encoded><![CDATA[<p><strong>Como usar o OBS Studio</strong> de graça. OBS Studio é um software gratuito e de código aberto para gravação de vídeo e transmissão ao vivo. Ele pode ser usado para gravar sua tela, fazer streaming ao vivo ou até mesmo para transmitir seus jogos.</p>
<p>Possui uma variedade de recursos, como gravação de áudio de qualquer fonte de entrada, incluindo sons do sistema, microfone ou entrada de linha; usando teclas de atalho para ações rápidas; usando cenas para organizar diferentes conjuntos de configurações; e mais!<span id="more-9821"></span></p>
<h2>Como gravar aulas com o OBS Studio</h2>
<p>Gravar uma aula é a melhor maneira de compartilhar seu conhecimento com outras pessoas. E também é uma ótima maneira de obter feedback sobre o que você está ensinando.</p>
<p>Depois de gravar uma aula, você pode enviá-la para o YouTube, Instagram, Meet, Zoom e até Twitch ou publicá-la em seu blog.</p>
<figure id="attachment_9822" aria-describedby="caption-attachment-9822" style="width: 600px" class="wp-caption aligncenter"><img loading="lazy" class="size-full wp-image-9822" src="https://johnhenrique.on.fleek.co/wp-content/uploads/2022/08/como-usar-o-obs-studio-1.png" alt="" width="600" height="423" srcset="https://johnhenrique.on.fleek.co/wp-content/uploads/2022/08/como-usar-o-obs-studio-1.png 600w, https://johnhenrique.on.fleek.co/wp-content/uploads/2022/08/como-usar-o-obs-studio-1-300x212.png 300w" sizes="(max-width: 600px) 100vw, 600px" /><figcaption id="caption-attachment-9822" class="wp-caption-text">Como usar o obs Studio &#8211; Visão geral da tela principal do OBS Studio</figcaption></figure>
<h2>Configurando cenas no OBS Studio</h2>
<p dir="auto">Uma cena é uma coleção de configurações usadas para configurar as fontes de vídeo e áudio. O artigo a seguir mostrará como <strong>configurar cenas no OBS Studio</strong> para que você possa gravar aulas ou outros tipos de vídeos.</p>
<p dir="auto">A seguir estão as etapas para configurar cenas no OBS Studio:</p>
<ol>
<li>Clique no ícone <strong>Cenas</strong> na barra de ferramentas na parte superior do OBS</li>
<li>Se você não vir o ícone <strong>Cenas</strong>, certifique-se de que o <strong>Modo Cena</strong> esteja ativado (localizado na parte inferior do menu suspenso).</li>
<li>Selecione <strong>New</strong></li>
<li>Preencha o nome da nova cena e, opcionalmente, algumas notas com seu nome (por exemplo, “SEU NOME- cena tutorial”)</li>
<li>Selecione sua fonte de gravação</li>
<li>Adicione quaisquer outras fontes que você deseja que sejam vinculadas a esta cena</li>
<li>Adicione ou agrupe cenas em <strong>pastas</strong></li>
<li>Clique em <strong>Criar cena</strong></li>
<li>Repita as etapas 4-8 para criar cenas adicionais</li>
</ol>
<p dir="auto">Ao final do processo você terá uma configuração parecida com esta.</p>
<h2 dir="auto">Como usar o OBS Studio: Configurando sua câmera</h2>
<p dir="auto">O streaming é uma ótima maneira de compartilhar seu conteúdo favorito com outras pessoas em tempo real. Também é uma excelente maneira de ganhar dinheiro monetizando seu stream. No entanto, o streaming pode ser muito difícil de começar e há muitos aspectos técnicos que você precisa saber antes de começar. Neste tutorial, abordaremos os conceitos básicos de como configurar o OBS Studio e como colocar uma transmissão ao vivo em funcionamento.</p><p>The post <a href="https://johnhenrique.on.fleek.co/tecnologia/como-usar-o-obs-studio.html">Como usar OBS Studio</a> first appeared on <a href="https://johnhenrique.on.fleek.co/">JOHN-HENRIQUE</a>.</p>]]></content:encoded>
					
					<wfw:commentRss>https://johnhenrique.on.fleek.co/tecnologia/como-usar-o-obs-studio.html/feed</wfw:commentRss>
			<slash:comments>0</slash:comments>
		
		
			</item>
		<item>
		<title>Como escrever um post perfeito para seu blog</title>
		<link>https://johnhenrique.on.fleek.co/adsense/como-escrever-post-para-blog.html</link>
					<comments>https://johnhenrique.on.fleek.co/adsense/como-escrever-post-para-blog.html#respond</comments>
		
		<dc:creator><![CDATA[John]]></dc:creator>
		<pubDate>Thu, 11 Aug 2022 05:06:25 +0000</pubDate>
				<category><![CDATA[AdSense]]></category>
		<category><![CDATA[Blog]]></category>
		<category><![CDATA[Conteúdo]]></category>
		<category><![CDATA[SEO]]></category>
		<guid isPermaLink="false">https://johnhenrique.on.fleek.co/?p=9816</guid>

					<description><![CDATA[<p>Como blogueiro, você precisa saber como escrever um post para blog e manter uma rotina para criar regularmente conteúdos atraentes para atrair seus leitores. A melhor maneira de fazer isso é escrevendo posts em blogs que sejam interessantes e informativos. Entretanto, apresentar ideias para postagens em blogs pode ser um desafio. Como escrever um post&#8230; <a class="more-link" href="https://johnhenrique.on.fleek.co/adsense/como-escrever-post-para-blog.html">Continuar lendo <span class="screen-reader-text">Como escrever um post perfeito para seu blog</span></a></p>
<p>The post <a href="https://johnhenrique.on.fleek.co/adsense/como-escrever-post-para-blog.html">Como escrever um post perfeito para seu blog</a> first appeared on <a href="https://johnhenrique.on.fleek.co/">JOHN-HENRIQUE</a>.</p>]]></description>
										<content:encoded><![CDATA[<p>Como blogueiro, você precisa saber <strong>como escrever um post</strong> para blog e manter uma rotina para criar regularmente conteúdos atraentes para atrair seus leitores. A melhor maneira de fazer isso é escrevendo posts em blogs que sejam interessantes e informativos. Entretanto, apresentar ideias para postagens em blogs pode ser um desafio.</p>
<h2>Como escrever um post</h2>
<p>Se você se encontrar preso, tente apresentar ideias relacionadas a eventos sazonais, assuntos atuais, ou tópicos populares entre seus leitores. Alternativamente, você poderia dar uma olhada em outros blogs em seu nicho e ver sobre o que eles têm escrito recentemente. Uma vez que você tenha uma ideia dos tipos de blogs que atrairão seus leitores, não deve ser muito difícil reunir essas ideias em um post.</p>
<p>Neste artigo, vamos passar por algumas dicas úteis sobre como escrever um post perfeito para o seu blog.<span id="more-9816"></span></p>
<h2>Pesquisa antes de escrever</h2>
<p>Antes de começar a escrever seu post no blog, você vai querer fazer alguma pesquisa. Isto o ajudará a encontrar as informações mais relevantes para seus leitores, além de evitar que você repita o que já foi dito. Se você estiver escrevendo um post sobre uma nova tendência ou produto, você vai querer ter certeza de que está atualizado com as últimas informações.</p>
<p>Você também pode querer ler outros blogs sobre o mesmo tópico para ver quais tópicos já foram abordados, e o que não foi. Talvez você queira pesquisar a melhor empresa para comprar um produto, ou o lugar mais popular para visitar em sua cidade. Você pode até se encontrar pesquisando usos alternativos para produtos do dia-a-dia. Qualquer que seja o tópico, é provável que haja informações por aí que você possa usar em seu post no blog.</p>
<h2>Defina seu objetivo do post</h2>
<p>Antes de começar a escrever, você vai querer ter certeza de que sabe qual é seu objetivo. Qual é o objetivo do seu blog? Você quer informar as pessoas sobre um determinado tópico, ou quer que elas tomem medidas? Cada publicação no blog deve ter um objetivo, para que seus leitores saibam o que estão tirando dele. Se você está blogando como parte de seu negócio, você vai querer ter como objetivo fornecer valor aos seus leitores.</p>
<p>Você pode fazer isso compartilhando seu conhecimento ou experiência em tópicos relevantes para sua indústria. Se você estiver blogando como hobby, seus posts no blog podem ter como objetivo entreter ou educar seus leitores. Você pode escolher escrever sobre tópicos que você gosta ou nos quais tem muita experiência.</p>
<h2>Escolha o tópico certo</h2>
<p>A primeira coisa que você deve fazer ao apresentar ideias para postagens em blogs é escolher seu tópico. Talvez você já tenha uma ideia em mente, ou talvez ache mais fácil começar com um tópico geral. A melhor coisa a fazer é tentar encontrar um tópico que seja relevante para seus leitores.</p>
<p>Também é útil se você tiver alguma experiência ou conhecimento sobre o tópico, pois isso facilitará a escrita de um post detalhado e informativo. Você pode querer escolher um tópico que seus leitores estejam interessados, e um que eles provavelmente não tenham se deparado. Isso garantirá que seu post seja único. Se você estiver tendo problemas para apresentar ideias para postagens em blogs, talvez queira tentar um dos seguintes métodos.</p>
<p>Tente criar uma lista de coisas que estão atualmente com tendências em sua área, ou outro tópico em que você tenha muita experiência ou conhecimento.</p>
<h2>Escreva uma breve introdução</h2>
<p>A introdução de seu post no blog é crucial. É o que atrai seus leitores para seu post, por isso é importante que você passe algum tempo elaborando-o. A introdução de seu post no blog deve ser curta, mas também conter informações suficientes para que seus leitores entendam o tópico.</p>
<p>É uma boa ideia incluir uma estatística ou fato relevante em sua introdução, pois isto pode chamar a atenção de seus leitores.</p>
<h2>Escolha as palavras-chave</h2>
<figure id="attachment_9818" aria-describedby="caption-attachment-9818" style="width: 300px" class="wp-caption alignright"><img loading="lazy" class="wp-image-9818 size-medium" title="Como escrever um post" src="https://johnhenrique.on.fleek.co/wp-content/uploads/2022/08/como-escrever-um-post-palavras-chave-1-300x169.jpeg" alt="Como escrever um post" width="300" height="169" srcset="https://johnhenrique.on.fleek.co/wp-content/uploads/2022/08/como-escrever-um-post-palavras-chave-1-300x169.jpeg 300w, https://johnhenrique.on.fleek.co/wp-content/uploads/2022/08/como-escrever-um-post-palavras-chave-1.jpeg 600w" sizes="(max-width: 300px) 100vw, 300px" /><figcaption id="caption-attachment-9818" class="wp-caption-text">Palavras chaves são importantes para definir o contexto de um conteúdo, elas também servem para posicionar melhor seu site nos mecanismos de busca</figcaption></figure>
<p>Uma das partes mais importantes de qualquer post de blog são as palavras-chave. Suas palavras-chave são os termos que seus leitores irão procurar se quiserem encontrar seu post no blog. Se você quiser que seu post seja classificado em mecanismos de busca como o Google, você precisará incluir suas palavras-chave no título e no conteúdo do post de seu blog.</p>
<p>Quanto mais palavras-chave você usar, maior será a classificação de sua postagem. É importante encontrar um equilíbrio entre a inclusão de palavras-chave que sejam relevantes ao seu post, e aquelas que soem não naturais. Para encontrar as palavras-chave mais relevantes a serem usadas em seu post, você pode usar ferramentas gratuitas. Uma das ferramentas mais populares é o Google Keyword Planner.</p>
<p>Você também deve verificar outros blogs em seu nicho para ver quais palavras-chave eles usam. Você pode fazer isso procurando por seu tópico, e observando os artigos relacionados.</p>
<h2>Escreva uma conclusão</h2>
<p>A conclusão é a última parte de seu post no blog, portanto, precisa ser tão sedutora quanto o início. Seus leitores terão chegado ao final de seu post esperando ser informados, ou para tomar medidas. Não os deixe sair desapontados. Você deveria ter iniciado seu post no blog com um problema que é provável que seus leitores tenham.</p>
<blockquote><p>Depois de criar um blog é importante criar uma marca, um logo, que vai representar seu site, veja: <a title="Os 6 sites para criar um logotipo grátis" href="https://johnhenrique.on.fleek.co/servicos/6-sites-para-criar-um-logotipo-gratis.html" rel="nofollow ">Os 6 sites para criar um logotipo grátis</a></p></blockquote>
<p>Seu trabalho é dizer-lhes como corrigi-lo, ou fornecer-lhes as informações de que precisam. Sua conclusão deve conter uma chamada para ação, dizendo a seus leitores o que eles devem fazer em seguida. Se seu cargo for informativo, você pode dizer a seus leitores o que eles devem fazer com as informações que você forneceu.</p>
<h2>Conclusão</h2>
<p>A conclusão de seu post no blog é tão importante quanto a introdução. É a última coisa que seus leitores irão ler, portanto, certifique-se de que ela os deixe satisfeitos. Sua conclusão deve conter um resumo das informações que você forneceu, ou uma explicação de como utilizá-las. Se seu post é informativo, é uma boa ideia recapitular os principais pontos de seu post, ou fornecer um resumo a seus leitores.</p>
<blockquote><p><a href="https://johnhenrique.on.fleek.co/curso-seo-conteudo-blog" rel="nofollow sponsored ">Aprenda a criar um blog, criar conteúdo e ganhar dinheiro</a>.</p></blockquote>
<p>Isto garantirá que seus leitores se afastem com todas as informações de que precisam. Você também pode usar sua conclusão para fornecer mais informações que seus leitores possam precisar, tais como uma lista de fontes ou outras leituras. Sua conclusão é sua última chance de impressionar seus leitores, portanto, certifique-se de que não a perca.</p><p>The post <a href="https://johnhenrique.on.fleek.co/adsense/como-escrever-post-para-blog.html">Como escrever um post perfeito para seu blog</a> first appeared on <a href="https://johnhenrique.on.fleek.co/">JOHN-HENRIQUE</a>.</p>]]></content:encoded>
					
					<wfw:commentRss>https://johnhenrique.on.fleek.co/adsense/como-escrever-post-para-blog.html/feed</wfw:commentRss>
			<slash:comments>0</slash:comments>
		
		
			</item>
		<item>
		<title>Widi Land NFT &#8211; Como jogar grátis</title>
		<link>https://johnhenrique.on.fleek.co/nft/widi-land-nft-como-jogar-gratis.html</link>
					<comments>https://johnhenrique.on.fleek.co/nft/widi-land-nft-como-jogar-gratis.html#comments</comments>
		
		<dc:creator><![CDATA[John]]></dc:creator>
		<pubDate>Fri, 04 Feb 2022 06:05:12 +0000</pubDate>
				<category><![CDATA[NFT]]></category>
		<category><![CDATA[Crypto]]></category>
		<category><![CDATA[Jogos NFT]]></category>
		<guid isPermaLink="false">https://johnhenrique.on.fleek.co/?p=9530</guid>

					<description><![CDATA[<p>Jogos de fazenda sempre foram sucesso, Widi Land NFT é um jogo baseado na Colheita Feliz mas, agora você ganha dinheiro jogando. Não há dúvidas jogos envolvendo plantar, colher, criar vacas, galinhas, porcos e produzir diversos produtos sempre atrai milhares de jogadores, Widi Land é um jogo NFT gratuito que paga os jogadores por realizarem&#8230; <a class="more-link" href="https://johnhenrique.on.fleek.co/nft/widi-land-nft-como-jogar-gratis.html">Continuar lendo <span class="screen-reader-text">Widi Land NFT &#8211; Como jogar grátis</span></a></p>
<p>The post <a href="https://johnhenrique.on.fleek.co/nft/widi-land-nft-como-jogar-gratis.html">Widi Land NFT – Como jogar grátis</a> first appeared on <a href="https://johnhenrique.on.fleek.co/">JOHN-HENRIQUE</a>.</p>]]></description>
										<content:encoded><![CDATA[<p>Jogos de fazenda sempre foram sucesso, Widi Land NFT é um jogo baseado na Colheita Feliz mas, agora você ganha dinheiro jogando. <span id="more-9530"></span> Não há dúvidas jogos envolvendo plantar, colher, criar vacas, galinhas, porcos e produzir diversos produtos sempre atrai milhares de jogadores, Widi Land é um jogo NFT gratuito que paga os jogadores por realizarem tarefas dentro do jogo.</p>
<h3>Widi Land NFT é gratuito?</h3>
<p>Diferente de outros games NFT que você precisa comprar algum NFT, em Widi land é gratuito, ele se enquadra na categoria de Play To Earn (P2E), ou seja, você joga para ganhar.</p>
<p>Apesar de ser um jogo gratuito, você pode (se quiser) comprar NFTs que vão aumentar sua produção, existem terras e fazendeiros à venda no marketplace.</p>
<p>Para comprar um NFT no marketplace você precisa da moeda WIDI, atualmente cotada a R$ 0,56 mas, ao realizar as tarefas do jogo você recebe WSO, cotado a R$ 0,09.</p>
<figure id="attachment_9531" aria-describedby="caption-attachment-9531" style="width: 600px" class="wp-caption aligncenter"><img loading="lazy" class="size-full wp-image-9531" src="https://johnhenrique.on.fleek.co/wp-content/uploads/2022/02/widi-land-nft-jogo-gratuito.jpg" alt="widi land nft jogo gratuito" width="600" height="338" srcset="https://johnhenrique.on.fleek.co/wp-content/uploads/2022/02/widi-land-nft-jogo-gratuito.jpg 600w, https://johnhenrique.on.fleek.co/wp-content/uploads/2022/02/widi-land-nft-jogo-gratuito-300x169.jpg 300w" sizes="(max-width: 600px) 100vw, 600px" /><figcaption id="caption-attachment-9531" class="wp-caption-text">widi land nft jogo gratuito pagando em média R$ 15 por dia.</figcaption></figure>
<h3>Quanto Widi Land paga?</h3>
<p>Atualmente o jogador só consegue tokens WSO ao realizar as tarefas diárias e quando completa alguma conquista. As tarefas diárias pagam 50 WSO e as conquistas pagam 10 WSO por atividade.</p>
<p>Na prática se o jogador completar apenas as tarefas diárias do jogo conseguirá 1500 WSO por mês, que renderá R$ 149, bem mais que vários jogos comuns que nunca pagaram nada.</p>
<p>Se o jogador conseguir completar 3 conquistas por dia, ao final do mês terá acumulado outros 1800 WSO, que renderá R$ 179, está melhor agora né?</p>
<p>Jogando ao menos 2 horas por dia (não precisa ser consecutivas), dá pra conseguir 3300 WSO, totalizando R$ 328.</p>
<h3>Como ganhar mais de R$ 1000 por mês?</h3>
<p>Para quem quiser aumentar ainda mais os ganhos, será necessário investir na compra de alguns NFTs. É recomendado comprar no mínimo mais 3 trabalhadores.</p>
<ol>
<li>Fazendeiro (Farmer)</li>
<li>Cozinheiro (Cook)</li>
<li>Criador (Breeder)</li>
</ol>
<p>Cada trabalhador tem uma função especifica e o valor deles no marketplace variam de R$ 91 a R$ 4.000 de acordo com a raridade e o poder de mineração.</p>
<p>Outra forma de acelerar seus ganhos é comprar mais máquinas e fazendas, estes itens não são NFTs e você pode comprar dentro do jogo com as moedas recebidas nas recompensas.</p>
<p>Por ultimo você pode comprar terras no marketplace, elas são NFTs e dão mais espaços para plantar, construir maquinas e fazendas, o valor da terra vai de R$ 279 a R$ 69.700.</p>
<h3>Como jogar Wide Land</h3>
<p>Vou levar em consideração que você já tenha sua carteira metamask ativa, se não tiver, veja este post &#8220;como criar uma carteira metamask?&#8221;.</p>
<ol>
<li>Agora acesse <a title="Widi land NFT" href="https://app.widiland.com/dashboard" target="_blank" rel="nofollow noopener">https://app.widiland.com/dashboard</a> para fazer login com sua carteira metamask</li>
<li>Clique no botão &#8220;Connect wallet&#8221;</li>
<li>Autorize e assine a conexão com o site Wide land</li>
<li>Agora clique em cima do código da sua carteira que aparece no mesmo lugar onde aparecia o botão &#8220;Connect wallet&#8221;</li>
<li>Você verá a informação &#8220;My account&#8221;</li>
<li>Do lado esquerdo da tela existe um menu com o item &#8220;Account Settings&#8221;, clique nele</li>
<li>Por fim, informe um nome de usuário, senha e seu email</li>
<li>Clique para finalizar o cadastro e pronto</li>
</ol>
<p>Se você fez tudo certinho, sua conta já está criada e agora você já pode clicar em Play Game para jogar ou baixar a versão para celular e fazer login para jogar no celular Android.</p>
<p>Conheça outros <a href="https://johnhenrique.on.fleek.co/categoria/nft">jogos NFT</a> gratuitos para ganhar mais dinheiro jogando.</p><p>The post <a href="https://johnhenrique.on.fleek.co/nft/widi-land-nft-como-jogar-gratis.html">Widi Land NFT – Como jogar grátis</a> first appeared on <a href="https://johnhenrique.on.fleek.co/">JOHN-HENRIQUE</a>.</p>]]></content:encoded>
					
					<wfw:commentRss>https://johnhenrique.on.fleek.co/nft/widi-land-nft-como-jogar-gratis.html/feed</wfw:commentRss>
			<slash:comments>3</slash:comments>
		
		
			</item>
		<item>
		<title>Jogos NFT: 5 jogos mais lucrativos 2022</title>
		<link>https://johnhenrique.on.fleek.co/nft/jogos-nft-5-jogos-mais-lucrativos-2022.html</link>
					<comments>https://johnhenrique.on.fleek.co/nft/jogos-nft-5-jogos-mais-lucrativos-2022.html#respond</comments>
		
		<dc:creator><![CDATA[John]]></dc:creator>
		<pubDate>Sun, 30 Jan 2022 11:40:55 +0000</pubDate>
				<category><![CDATA[NFT]]></category>
		<category><![CDATA[Jogos NFT]]></category>
		<category><![CDATA[P2E]]></category>
		<guid isPermaLink="false">https://johnhenrique.on.fleek.co/?p=9504</guid>

					<description><![CDATA[<p>Conheça 5 jogos NFT mais lucrativos de 2022 para começar o ano com bons investimentos. Lançamento de jogos NFT 2022 Entrar no inicio do projeto é o que realmente fará você ter bons lucros em qualquer jogo NFT, por isso, é importante que você avalie bem a dinâmica do jogo antes de investir. Pensando neste&#8230; <a class="more-link" href="https://johnhenrique.on.fleek.co/nft/jogos-nft-5-jogos-mais-lucrativos-2022.html">Continuar lendo <span class="screen-reader-text">Jogos NFT: 5 jogos mais lucrativos 2022</span></a></p>
<p>The post <a href="https://johnhenrique.on.fleek.co/nft/jogos-nft-5-jogos-mais-lucrativos-2022.html">Jogos NFT: 5 jogos mais lucrativos 2022</a> first appeared on <a href="https://johnhenrique.on.fleek.co/">JOHN-HENRIQUE</a>.</p>]]></description>
										<content:encoded><![CDATA[<p>Conheça 5 jogos NFT mais lucrativos de 2022 para começar o ano com bons investimentos.<span id="more-9504"></span></p>
<h3>Lançamento de jogos NFT 2022</h3>
<p>Entrar no inicio do projeto é o que realmente fará você ter bons lucros em qualquer jogo NFT, por isso, é importante que você avalie bem a dinâmica do jogo antes de investir.</p>
<p>Pensando neste ponto de vista, listei abaixo 3 jogos que serão lançados agora no mês de Janeiro e que na minha opinião serão bastante lucrativos.</p>
<h4>Luna Rush</h4>
<p>É um jogo de batalha que PvE, ou seja, Player vs Computador. Basicamente você escolhe os lutadores e eles batalham sozinhos contra um inimigo.</p>
<p>Ao final da batalha mesmo que seu time seja derrotado, você poderá desafiar o mesmo inimigo novamente, desde que sua equipe ainda tenha energia disponivel.</p>
<p>A energia é recarregada a cada 1 hora, permitindo que você volte ao desafio novamente.</p>
<p>Sempre que sua equipe volta ao desafio, os danos causados no inimigo permanecem os mesmos do final do desafio anterior, deste modo, você pode eliminá-lo em desafios cumulativos.</p>
<p>Ao vencer o desafio sua equipe recebe tokens LUSH. Atualmente o token está cotado a R$ 16.</p>
<p>Site oficial: <a href="https://lunarush.io/" target="_blank" rel="nofollow noopener">lunarush.io</a></p>
<h4>Space Crypto</h4>
<p>Você realiza batalhas com naves espaciais. Para comprar uma nave no jogo você precisa comprar 10 SPG. Você pode ter até 15 naves.</p>
<p>A cada desafio sua frota de naves irá atacar uma nave inimiga, quando sua frota vence a batalha, você avança para o próximo nível até ser derrotado.</p>
<p>Ao vencer o desafio sua frota recebe tokens SPE, até o momento não foi declarado o valor deste token. Atualmente o token SPG está cotado a R$ 7.</p>
<p>Site oficial: <a href="https://www.spacecrypto.io/" target="_blank" rel="nofollow noopener">spacecrypto.io</a></p>
<h4>Crypto Rockets</h4>
<p>Apesar do nome, neste jogo, você controla naves espaciais em uma espécie de corrida, você recebe tokens de acordo com a posição da sua nave no final da corrida.</p>
<p>Pode ser jogado com apenas uma nave que custa 250 CROCKET, o token deste jogo que atualmente está cotado a R$ 1,13.</p>
<p>Cada nave pode realizar uma corrida a cada 24 horas, então, você precisará reabastecer para participar de novas corridas.</p>
<p>Site oficial: <a href="https://cryptorockets.me/" target="_blank" rel="nofollow noopener">cryptorockets.me</a></p>
<h4>Crypto Skates</h4>
<p>O jogo consiste em percorrer a maior distância no skate, você pode comprar seu NFT com 500 CST, o token do jogo. Você também vai precisar de 5 CSTs extras para fazer recarga.</p>
<p>Basicamente o jogo é isso, você clica para andar no skate, o jogo apresenta uma animação e te diz qual a distancia percorrida, quanto mais distante, maior a recompensa.</p>
<p>O CST está cotado hoje a R$ 0,48.</p>
<p>Site oficial: <a href="https://www.cryptoskates.me/" target="_blank" rel="nofollow noopener">cryptoskates.me</a></p>
<h3>Games NFT já lançados</h3>
<p>Entre os jogos que foram lançados no ano passado e que continuam sendo lucrativos em 2022 está o queridinho, bombcrypto!</p>
<h4>Bomb Crypto</h4>
<figure id="attachment_9436" aria-describedby="caption-attachment-9436" style="width: 600px" class="wp-caption aligncenter"><img loading="lazy" class="wp-image-9436 size-full" src="https://johnhenrique.on.fleek.co/wp-content/uploads/2021/10/bombcrypto-jogo-nft.jpg" alt="Bombcrypto: Jogos NFT lucrativo em 2022" width="600" height="303" srcset="https://johnhenrique.on.fleek.co/wp-content/uploads/2021/10/bombcrypto-jogo-nft.jpg 600w, https://johnhenrique.on.fleek.co/wp-content/uploads/2021/10/bombcrypto-jogo-nft-300x152.jpg 300w" sizes="(max-width: 600px) 100vw, 600px" /><figcaption id="caption-attachment-9436" class="wp-caption-text">Bombcrypto: Jogos NFT lucrativo em 2022</figcaption></figure>
<p>Neste jogo tudo que você precisa fazer é escolher seus heróis e enviá-los ao trabalho, eles vão explodir baús em busca de moedas.</p>
<p>Cada baú explodido rende uma quantidade diferente de BCOIN, o token do jogo, atualmente cotado em R$ 10.</p>
<p>Para jogar você precisa ter no mínimo 1 herói que custa 10 BCOINs mas, é importante lembrar que o recomendado é ter entre 10 e 15 heróis para garantir maiores rendimentos.</p>
<p>Veja uma estimativa de rentabilidade no <a title="Bombcrypto, quanto rende um time de 10 comuns?" href="https://johnhenrique.on.fleek.co/financas/quanto-rende-um-time-de-10-herois-comuns-no-bombcrypto.html">bombcrypto para um time com 3 heróis comuns</a>.</p>
<p>Site oficial: <a href="https://bombcrypto.io/" target="_blank" rel="nofollow noopener">bombcrypto.io</a></p>
<p>Conheça todos os<a title="Jogos NFT lucrativos" href="https://johnhenrique.on.fleek.co/categoria/nft"> jogos NFT</a>s que listei no site.</p>
<p>&nbsp;</p><p>The post <a href="https://johnhenrique.on.fleek.co/nft/jogos-nft-5-jogos-mais-lucrativos-2022.html">Jogos NFT: 5 jogos mais lucrativos 2022</a> first appeared on <a href="https://johnhenrique.on.fleek.co/">JOHN-HENRIQUE</a>.</p>]]></content:encoded>
					
					<wfw:commentRss>https://johnhenrique.on.fleek.co/nft/jogos-nft-5-jogos-mais-lucrativos-2022.html/feed</wfw:commentRss>
			<slash:comments>0</slash:comments>
		
		
			</item>
		<item>
		<title>O que é rug pull? Saiba como se prevenir</title>
		<link>https://johnhenrique.on.fleek.co/nft/o-que-e-rug-pull-como-prevenir.html</link>
					<comments>https://johnhenrique.on.fleek.co/nft/o-que-e-rug-pull-como-prevenir.html#respond</comments>
		
		<dc:creator><![CDATA[John]]></dc:creator>
		<pubDate>Sat, 29 Jan 2022 05:48:24 +0000</pubDate>
				<category><![CDATA[NFT]]></category>
		<category><![CDATA[Crypto]]></category>
		<category><![CDATA[Golpe]]></category>
		<guid isPermaLink="false">https://johnhenrique.on.fleek.co/?p=9510</guid>

					<description><![CDATA[<p>No mundo das cripto moedas o termo Rug Pull é usado com frequência. Em 2021 batermos o recorde em projetos que acabaram se revelando um golpe de rug pull. O que significa rug pull? Basicamente rug pull é o termo utilizado para identificar o golpe em que alguém puxa o tapete de outra pessoa, derrubando&#8230; <a class="more-link" href="https://johnhenrique.on.fleek.co/nft/o-que-e-rug-pull-como-prevenir.html">Continuar lendo <span class="screen-reader-text">O que é rug pull? Saiba como se prevenir</span></a></p>
<p>The post <a href="https://johnhenrique.on.fleek.co/nft/o-que-e-rug-pull-como-prevenir.html">O que é rug pull? Saiba como se prevenir</a> first appeared on <a href="https://johnhenrique.on.fleek.co/">JOHN-HENRIQUE</a>.</p>]]></description>
										<content:encoded><![CDATA[<p>No mundo das cripto moedas o termo Rug Pull é usado com frequência.</p>
<p>Em 2021 batermos o recorde em projetos que acabaram se revelando um golpe de rug pull.</p>
<p><span id="more-9510"></span></p>
<h3>O que significa rug pull?</h3>
<p>Basicamente rug pull é o termo utilizado para identificar o golpe em que alguém puxa o tapete de outra pessoa, derrubando ela.</p>
<p>No mundo dos crypto games tivemos alguns casos famosos como o token SQUID, os desenvolvedores esperaram a moeda se valorizar e venderam tudo.</p>
<p>O resultado do rug pull é percebido de imediato, os gráficos ficam em vermelho e o valor da moeda vai a zero (ou próximo), causando prejuízos aos investidores.</p>
<figure id="attachment_9514" aria-describedby="caption-attachment-9514" style="width: 600px" class="wp-caption aligncenter"><img loading="lazy" class="wp-image-9514 size-full" title="Rug pull do token SQUID " src="https://johnhenrique.on.fleek.co/wp-content/uploads/2022/01/squid-rug-pull-ao-vivo.png" alt="Rug pull do token SQUID " width="600" height="337" srcset="https://johnhenrique.on.fleek.co/wp-content/uploads/2022/01/squid-rug-pull-ao-vivo.png 600w, https://johnhenrique.on.fleek.co/wp-content/uploads/2022/01/squid-rug-pull-ao-vivo-300x169.png 300w" sizes="(max-width: 600px) 100vw, 600px" /><figcaption id="caption-attachment-9514" class="wp-caption-text">Rug pull do token SQUID</figcaption></figure>
<p>A única pessoa que leva vantagem é o dono da carteira com mais tokens ou o dono do contrato, geralmente o desenvolvedor do projeto.</p>
<p>&nbsp;</p>
<h3>Como identificar um golpe?</h3>
<p>Infelizmente este tipo de golpe só é percebido depois que ele é aplicado, ou seja, apenas quando alguém já liquidou todos os tokens.</p>
<p>De qualquer forma é possível identificar indícios de um projeto que no futuro pode se tornar um golpe que também chamamos de SCAM.</p>
<h4>Desenvolvedores</h4>
<p>É muito comum o nome dos desenvolvedores não aparecerem nas páginas do projeto, como uma forma de não serem identificados, logo, não serão encontrados.</p>
<h4>Ganhos</h4>
<p>Projetos com promessas de ganhos rápidos e principalmente em curto prazo de tempo.</p>
<h4>Site e White paper</h4>
<p>O conteúdo do site ou do white paper com pouca informação ou informações incorretas.</p>
<h4>Redes sociais</h4>
<p>Projetos pouco confiáveis sempre possuem contas em redes sociais com pouca interação ou sem engajamento.</p>
<h4>Vídeos no YouTube</h4>
<p>Já notou que alguns projetos começam a ser divulgados por vários youtubers diferentes de um dia pro outro?</p>
<p>Esta é a principal característica de uma divulgação paga, o divulgador recebe tokens para falar bem do projeto.</p>
<h3>Principais golpes ocorridos em 2021</h3>
<p>No ano passado houveram vários golpes rug pull, o mais famoso sem dúvidas foi do token SQUID que saiu de 2800 USD para míseros 2 centavos de dólar em menos de 10 minutos.</p>
<p>Houveram outros projetos que também foram da lua ao pó como o jogo Crypto Mines, saiu de 130 USD para míseros 8 centavos de dólar em menos de 15 dias.</p>
<p>Recentemente tivemos a noticia de que os jogos Crypto Cars, Crypto Guards e Crypto Planes também realizaram rug pull nos investidores, veja <a title="Cryptocars SCAM e Rug Pull encerra projeto" href="https://johnhenrique.on.fleek.co/nft/cryptocars-scam-e-rug-pull-encerra-projeto.html">Cryptocars SCAM e Rug Pull encerram o projeto</a></p>
<p>Você pode ver mais informações técnicas sobre <a href="https://coinmarketcap.com/alexandria/glossary/rug-pull" target="_blank" rel="nofollow noopener">rug pull no site da Coin Market Cap</a>.</p><p>The post <a href="https://johnhenrique.on.fleek.co/nft/o-que-e-rug-pull-como-prevenir.html">O que é rug pull? Saiba como se prevenir</a> first appeared on <a href="https://johnhenrique.on.fleek.co/">JOHN-HENRIQUE</a>.</p>]]></content:encoded>
					
					<wfw:commentRss>https://johnhenrique.on.fleek.co/nft/o-que-e-rug-pull-como-prevenir.html/feed</wfw:commentRss>
			<slash:comments>0</slash:comments>
		
		
			</item>
		<item>
		<title>Cryptocars SCAM e Rug Pull encerra projeto</title>
		<link>https://johnhenrique.on.fleek.co/nft/cryptocars-scam-e-rug-pull-encerra-projeto.html</link>
					<comments>https://johnhenrique.on.fleek.co/nft/cryptocars-scam-e-rug-pull-encerra-projeto.html#respond</comments>
		
		<dc:creator><![CDATA[John]]></dc:creator>
		<pubDate>Fri, 28 Jan 2022 19:23:31 +0000</pubDate>
				<category><![CDATA[NFT]]></category>
		<guid isPermaLink="false">https://johnhenrique.on.fleek.co/?p=9505</guid>

					<description><![CDATA[<p>Cryptocars, Crypto Planes e Crypto Guards fazem parte da Crypto City e esta semana foram declarados encerrados por Rug Pull. O Jogo CryptoCars Quando começou o jogo atraiu muitas pessoas que investiram pouco mais de R$ 500 em cada carrinho dentro do jogo, basicamente você apostava corrida contra outros carros e ganhava tokens, o CCAR&#8230; <a class="more-link" href="https://johnhenrique.on.fleek.co/nft/cryptocars-scam-e-rug-pull-encerra-projeto.html">Continuar lendo <span class="screen-reader-text">Cryptocars SCAM e Rug Pull encerra projeto</span></a></p>
<p>The post <a href="https://johnhenrique.on.fleek.co/nft/cryptocars-scam-e-rug-pull-encerra-projeto.html">Cryptocars SCAM e Rug Pull encerra projeto</a> first appeared on <a href="https://johnhenrique.on.fleek.co/">JOHN-HENRIQUE</a>.</p>]]></description>
										<content:encoded><![CDATA[<p>Cryptocars, Crypto Planes e Crypto Guards fazem parte da Crypto City e esta semana foram declarados encerrados por <a title="O que é rug pull? Saiba como se prevenir" href="https://johnhenrique.on.fleek.co/nft/o-que-e-rug-pull-como-prevenir.html">Rug Pull</a>.<span id="more-9505"></span></p>
<h3>O Jogo CryptoCars</h3>
<p>Quando começou o jogo atraiu muitas pessoas que investiram pouco mais de R$ 500 em cada carrinho dentro do jogo, basicamente você apostava corrida contra outros carros e ganhava tokens, o CCAR de acordo com a posição que seu carro terminava a corrida.</p>
<figure id="attachment_9506" aria-describedby="caption-attachment-9506" style="width: 600px" class="wp-caption aligncenter"><img loading="lazy" class="size-full wp-image-9506" src="https://johnhenrique.on.fleek.co/wp-content/uploads/2022/01/cryptocars-quantidade-de-jogadores.jpg" alt="" width="600" height="327" srcset="https://johnhenrique.on.fleek.co/wp-content/uploads/2022/01/cryptocars-quantidade-de-jogadores.jpg 600w, https://johnhenrique.on.fleek.co/wp-content/uploads/2022/01/cryptocars-quantidade-de-jogadores-300x164.jpg 300w" sizes="(max-width: 600px) 100vw, 600px" /><figcaption id="caption-attachment-9506" class="wp-caption-text">Cryptocars alcançou 721 mil jogadores em 5 meses</figcaption></figure>
<p>A facilidade de jogar e a rentabilidade atraiu mais de 721 mil jogadores, o token chegou a valer R$ 9,77 em seu melhor momento no mês de Novembro de 2021, de lá pra cá o token foi se desvalorizando até chegar a incríveis R$ 0,08 na data de hoje (<a href="https://coinmarketcap.com/pt-br/currencies/cryptocars/" target="_blank" rel="nofollow noopener">cotação CCAR</a> hoje).</p>
<h3>Desvalorização da token CCAR</h3>
<p>No mês de Dezembro é normal que a maioria dos investidores liquidem seus tokens para por dinheiro no bolso, viajar e festejar o fim de ano, por isso, neste período o mercado de cryptomoedas costuma sempre ficar vermelho.</p>
<p>Em Dezembro de 2021, a desvalorização ocorreu novamente e todos os games NFT sofreram esta desvalorização, incluindo BombCrypto, Axie Infinity, Crypto Guards, Crypto Planes e com Crypto Cars não foi diferente.</p>
<p>2022 começou com o token CCAR em R$ 2,80 e após algumas mudanças no jogo para tentar mantê-lo rentável a longo prazo os jogadores começaram a migrar para outros jogos que estavam sendo lançados.</p>
<p>A migração de jogadores é normal e infelizmente no mundo dos Crypto Games isso é ruim porque cada jogador é essencialmente um investidor, se ele sai, quase sempre, leva junto seu investimento, causando a desvalorização da moeda.</p>
<h3>Cryptocars declarado como SCAM</h3>
<p>Em Janeiro deste ano os desenvolvedores anunciaram que todos os jogadores só poderiam fazer saque se possuíssem tokens do CCAR, CGAR e CPAN na carteira mesmo que não estivessem jogando os 3 jogos.</p>
<p>Este requisito para saque já deixou as coisas estranhas já que todo jogador precisaria investir (mesmo que minimamente) em outros 2 jogos obrigatoriamente para poder continuar jogando Crypto Cars.</p>
<p>Estranhamente alguns jogadores notaram que as fotos e nomes dos desenvolvedores foram removidos da página oficial do jogo, sem nenhuma informação ou justificativa sobre essa simples mudança.</p>
<p>Em 25 de Janeiro, novas regras foram aplicadas no jogo e como não é possível alterar o contrato do CCAR os desenvolvedores lançaram um novo token o CCAR2, um dos objetivos era tentar manter a estabilidade no valor da moeda.</p>
<p>No dia 27 de Janeiro, ainda pela manhã, um moderador do servidor oficial CryptoCars no discord fez um post informando que os desenvolvedores não estavam respondendo nenhuma das tentativas de contato a alguns dias.</p>
<p>Depois disso, um post no Twitter oficial da Certik, alertava sobre um golpe do tipo rug pull em todos os jogos da crypto city (CCAR, CGAR e CPAN), foi informado que os desenvolvedores estavam vendendo milhares de tokens silenciosamente.</p>
<p>A venda de volumes grandes de tokens acaba causando a queda do valor das moedas porque a quantidade de venda é maior que quantidade de compras.</p>
<p>Os moderadores do servidor CryptoCars haviam questionado os desenvolvedores sobre essas vendas de tokens e foram ignorados.</p>
<p>Um dos desenvolvedores entrou no Discord e anunciou que estariam de férias, que o canal do discord seria fechado do dia 27 de Janeiro ao dia 7 de Fevereiro e que novas melhorias estão chegando.</p>
<figure id="attachment_9507" aria-describedby="caption-attachment-9507" style="width: 798px" class="wp-caption aligncenter"><img loading="lazy" class="size-full wp-image-9507" src="https://johnhenrique.on.fleek.co/wp-content/uploads/2022/01/cryptocars-dev-anuncia-fecha-discord.jpg" alt="cryptocars dev anuncia fecha discord" width="798" height="400" srcset="https://johnhenrique.on.fleek.co/wp-content/uploads/2022/01/cryptocars-dev-anuncia-fecha-discord.jpg 798w, https://johnhenrique.on.fleek.co/wp-content/uploads/2022/01/cryptocars-dev-anuncia-fecha-discord-300x150.jpg 300w, https://johnhenrique.on.fleek.co/wp-content/uploads/2022/01/cryptocars-dev-anuncia-fecha-discord-768x385.jpg 768w" sizes="(max-width: 798px) 100vw, 798px" /><figcaption id="caption-attachment-9507" class="wp-caption-text">Cryptocars, desenvolvedor anuncia fechamento do Discord</figcaption></figure>
<h3>É o fim do Cryptocars?</h3>
<p>Após o ocorrido vários YouTubers e TikTokers começaram a publicar conteúdo informando sobre a confirmação do SCAM dos jogos CryptoCars, Crypto Guars e Crypto Planes, no final da tarde a Certik havia deletado o post que alertava sobre o SCAM!</p>
<p>Muitas dúvidas surgiram e do nada um dos desenvolvedores informou que eles estavam de férias por conta do ano novo Chinês que ocorre sempre no final de Janeiro, tradição por lá&#8230;</p>
<p>Acontece que após tantos acontecimentos estranhos os jogadores perderam a confiança nos projetos e começaram a vender seus tokens na esperança de retirar algum investimento do projeto.</p>
<h3>Você conseguiu tirar seu investimento?</h3>
<p>Particularmente havia investido R$ 3.200,00 no Crypto Cars e retirei apenas R$ 760,00 sem dúvidas levei um prejuízo enorme e existem pessoas que tiveram prejuízos muito maiores.</p>
<p>Para aqueles que conseguiram tirar o investimento, um alívio, para aqueles que como eu perderam parte do investimento, uma decepção.</p>
<p>Ainda existem aqueles que investiram mais de R$ 10.000,00 ou que compraram o token na alta e que vão amargar o prejuízo para sempre, para todos estes, lamento o ocorrido e espero que nos próximos investimentos tenhamos mais sorte.</p>
<p>Para saber mais sobre crypto games veja <a href="https://johnhenrique.on.fleek.co/categoria/nft">todos os posts sobre NFT</a>.</p>
<p>&nbsp;</p><p>The post <a href="https://johnhenrique.on.fleek.co/nft/cryptocars-scam-e-rug-pull-encerra-projeto.html">Cryptocars SCAM e Rug Pull encerra projeto</a> first appeared on <a href="https://johnhenrique.on.fleek.co/">JOHN-HENRIQUE</a>.</p>]]></content:encoded>
					
					<wfw:commentRss>https://johnhenrique.on.fleek.co/nft/cryptocars-scam-e-rug-pull-encerra-projeto.html/feed</wfw:commentRss>
			<slash:comments>0</slash:comments>
		
		
			</item>
		<item>
		<title>5 Jogos NFT baratos para começar em 2022</title>
		<link>https://johnhenrique.on.fleek.co/financas/5-jogos-nft-baratos-para-comecar-em-2022.html</link>
					<comments>https://johnhenrique.on.fleek.co/financas/5-jogos-nft-baratos-para-comecar-em-2022.html#respond</comments>
		
		<dc:creator><![CDATA[John]]></dc:creator>
		<pubDate>Fri, 14 Jan 2022 14:48:48 +0000</pubDate>
				<category><![CDATA[Finanças]]></category>
		<category><![CDATA[NFT]]></category>
		<category><![CDATA[Bombcrypto]]></category>
		<category><![CDATA[Crypto]]></category>
		<category><![CDATA[CryptoShips]]></category>
		<category><![CDATA[Jogos NFT]]></category>
		<guid isPermaLink="false">https://johnhenrique.on.fleek.co/?p=9487</guid>

					<description><![CDATA[<p>Conheça 5 jogos NFT baratos para começar com baixo investimento de no máximo R$ 500 Jogos NFT baratos? O termo barato é muito relativo, cada pessoa tem uma percepção diferente do que é barato ou caro, no mundo dos jogos NFTs, consideramos um NFT barato quando ele está valendo no máximo R$ 1.000,00 mas, neste&#8230; <a class="more-link" href="https://johnhenrique.on.fleek.co/financas/5-jogos-nft-baratos-para-comecar-em-2022.html">Continuar lendo <span class="screen-reader-text">5 Jogos NFT baratos para começar em 2022</span></a></p>
<p>The post <a href="https://johnhenrique.on.fleek.co/financas/5-jogos-nft-baratos-para-comecar-em-2022.html">5 Jogos NFT baratos para começar em 2022</a> first appeared on <a href="https://johnhenrique.on.fleek.co/">JOHN-HENRIQUE</a>.</p>]]></description>
										<content:encoded><![CDATA[<p>Conheça 5 jogos NFT baratos para começar com baixo investimento de no máximo R$ 500<span id="more-9487"></span></p>
<h3>Jogos NFT baratos?</h3>
<p>O termo barato é muito relativo, cada pessoa tem uma percepção diferente do que é barato ou caro, no mundo dos jogos NFTs, consideramos um NFT barato quando ele está valendo no máximo R$ 1.000,00 mas, neste post vou me limitar a jogos com investimento de até R$ 500, pode ser que algum deles seja interessante para você.</p>
<h4>Bombcrypto</h4>
<p>Bomberman foi um clássico dos games nos anos 80 e 90, atualmente no mundo dos NFTs temos o Bomb Crypto, um game NFT barato baseado no Bomberman, a diferença é que os heróis jogam sozinhos.</p>
<p><img loading="lazy" class="aligncenter wp-image-9436 size-full" src="https://johnhenrique.on.fleek.co/wp-content/uploads/2021/10/bombcrypto-jogo-nft.jpg" alt="jogos NFT baratos Bombcrypto 2022" width="600" height="303" srcset="https://johnhenrique.on.fleek.co/wp-content/uploads/2021/10/bombcrypto-jogo-nft.jpg 600w, https://johnhenrique.on.fleek.co/wp-content/uploads/2021/10/bombcrypto-jogo-nft-300x152.jpg 300w" sizes="(max-width: 600px) 100vw, 600px" /></p>
<p>Aqui você precisa de 10 BCOIN para comprar um herói aleatório, isto quer dizer que você pode tirar um herói, comum, raro, lendário, super lendário ou épico, quanto maior a raridade mais força o herói tem.</p>
<p>Atualmente o BCOIN está valendo R$ 21, o que faz um NFT custar R$ 210, dá pra jogar apenas com 1 herói mas, não vale a pena, porque você demoraria muitos dias para conseguir acumular 40 BCOINs, o mínimo para fazer o saque e trocar por dinheiro, na cotação atual seriam R$ 837.</p>
<p>Particularmente fiz um teste com uma conta bombcrypto com apenas 3 heróis comuns e outra com 10 comuns (o pior cenário), veja <a title="Bombcrypto, quanto rende um time de 10 comuns?" href="https://johnhenrique.on.fleek.co/financas/quanto-rende-um-time-de-10-herois-comuns-no-bombcrypto.html">Bombcrypto, quanto rende um time de 10 comuns?</a></p>
<p>No dia 18/01/2022 está previsto o lançamento do novo modo de jogo (Aventura) e do marketplace, é muito provável que você consiga comprar heróis raros e comuns no mercado por preços aceitáveis mas, não espere pagar menos que 10 BCOINs.</p>
<p>Tempo de jogo: No mínimo 30 minutos mas, quanto mais jogar, mais ganha.<br />
Site oficial do jogo <a href="https://bombcrypto.io/" target="_blank" rel="nofollow noopener">https://bombcrypto.io/</a></p>
<h4>Cryptoships</h4>
<p>Corrida é o tipo de jogo queridinho no mundo dos NFTs, Cryptoships é um jogo de corrida com barcos no mesmo estilo de CryptoCars e CryptoPlanes.</p>
<figure id="attachment_9497" aria-describedby="caption-attachment-9497" style="width: 600px" class="wp-caption aligncenter"><img loading="lazy" class="wp-image-9497 size-full" src="https://johnhenrique.on.fleek.co/wp-content/uploads/2022/01/cryptoships-corrida-de-barcos-NFT.jpg" alt="jogos NFT baratos Cryptoships corrida de barcos NFT" width="600" height="338" srcset="https://johnhenrique.on.fleek.co/wp-content/uploads/2022/01/cryptoships-corrida-de-barcos-NFT.jpg 600w, https://johnhenrique.on.fleek.co/wp-content/uploads/2022/01/cryptoships-corrida-de-barcos-NFT-300x169.jpg 300w" sizes="(max-width: 600px) 100vw, 600px" /><figcaption id="caption-attachment-9497" class="wp-caption-text">Cryptoships corrida de barcos NFT</figcaption></figure>
<p>Pra começar no jogo você precisa de um barco que custa 500 CSHIP, na cotação de hoje cada moeda vale R$ 0,80 o que faz o preço do NFT custar R$ 400.</p>
<p>Você só precisa iniciar a corrida e o barco navega sozinho, de acordo com o resultado você recebe uma quantidade de tokens, algo em torno de 15 CSHIP (R$ 20 hoje). Cada barco faz 4 corridas por dia.</p>
<p>Você precisa reabastecer o barco todo dia então, na primeira semana você precisará ter 10 CSHIPs para fazer o reabastecimento, na semana seguinte você poderá usar os tokens que recebeu das corridas anteriores.</p>
<p>Tempo de jogo: 10 minutos por barco.<br />
Site oficial do jogo <a href="https://cryptoships.club/" target="_blank" rel="nofollow noopener">https://cryptoships.club/</a></p>
<h4>Pegaxy</h4>
<p>Pegaxy é um jogo de corrida de cavalos mas, não é só isso, são pegasus mecânicos ou MecaPegasu. A jogabilidade é simples, você se inscreve numa corrida e seu pegaxy corre sozinho, você receberá tokens de acordo com o resultado da corrida.</p>
<figure id="attachment_9496" aria-describedby="caption-attachment-9496" style="width: 600px" class="wp-caption aligncenter"><img loading="lazy" class="wp-image-9496 size-full" src="https://johnhenrique.on.fleek.co/wp-content/uploads/2022/01/pegaxy-nft-jogo-corrida-de-cavalos-polygon-matic.jpg" alt="pegaxy jogos NFT baratos jogo corrida de cavalos polygon matic" width="600" height="333" srcset="https://johnhenrique.on.fleek.co/wp-content/uploads/2022/01/pegaxy-nft-jogo-corrida-de-cavalos-polygon-matic.jpg 600w, https://johnhenrique.on.fleek.co/wp-content/uploads/2022/01/pegaxy-nft-jogo-corrida-de-cavalos-polygon-matic-300x167.jpg 300w" sizes="(max-width: 600px) 100vw, 600px" /><figcaption id="caption-attachment-9496" class="wp-caption-text">pegaxy nft jogo corrida de cavalos polygon matic</figcaption></figure>
<p>A moeda do jogo é a PGX, na cotação de hoje vale R$ 1,99, ela serve pra você comprar pegas mas, nas recompensas das corridas você recebe a moeda VIS (Vigorus) que atualmente vale R$ 0,25.</p>
<p>Você pode trocar suas VIS por dólares a cada 15 dias, sem valor mínimo para saque. É importante informar que este jogo funciona na rede Polygon, então, você precisa configurar sua carteira metamask para utilizar esta rede, veja <a title="Como comprar MATIC: Passo a passo" href="https://johnhenrique.on.fleek.co/financas/como-comprar-matic-passo-a-passo.html">como configurar Polygon na metamask</a>.</p>
<p>Cada pegas vale hoje 560 dólares, algo em torno de R$ 3.090, mas calma, você não precisa comprar um pegas porque no Pegaxy existe o modelo de aluguel então, você pode alugar um pegas.</p>
<p>Existem 2 formas de aluguel:</p>
<h5>Pagamento de aluguel</h5>
<p>Neste modelo você paga um valor fixo por 1 dia de uso do pegas, ou seja, no dia da locação todas as recompensas são suas mas, ganhando ou perdendo você terá que pagar em média 40 PGX, cerca de R$ 80.</p>
<h5>Divisão de ganhos</h5>
<p>Este modelo é o mais interessante porém, o mais concorrido, você precisa ficar tentando várias vezes para conseguir alugar um pegas, tentei por 3 horas e consegui alugar 2.</p>
<p>Outro ponto importante é que você precisa verificar qual o percentual que será repassado para você, qualquer oferta por menos de 10% não valerá seu tempo, cada pegas pode fazer até 25 corridas consecutivas e a cada hora de descanso poderá fazer mais uma.</p>
<p>Nas 50 corridas que fiz, ganhei 26 VIS, porém, um dos pegas que aluguei repassava apenas 2% dos ganhos. Em no máximo 30 minutos você consegue fazer as 25 corridas, no meu caso rendeu algo em torno de R$ 6.</p>
<h5>Observações</h5>
<ol>
<li>Seja rápido na hora de escolher o pegas que deseja alugar para evitar que outra pessoa alugue antes.</li>
<li>Sempre alugue pegas em que você vá receber mais de 10% dos ganhos.</li>
<li>Você precisa ter ao menos 1 MATIC na sua carteira metamask para pagar as taxas de corrida. 1 MATIC vale hoje cerca de R$ 12 e com isso dá pra fazer umas 500 transações.</li>
</ol>
<p>Tempo de jogo: 30 minutos por pegas<br />
Site oficial do jogo <a href="https://pegaxy.io/" target="_blank" rel="nofollow noopener">https://pegaxy.io/</a></p>
<h4>Crypto Motorcycle</h4>
<p>Neste jogo você precisa de um NFT que é na verdade uma moto de corrida e sim, o jogo é exatamente isso, um jogo de corrida de motos, a jogabilidade é a mesma do Crypto Cars, você clica pra fazer a corrida e ele corre sozinho.</p>
<figure id="attachment_9495" aria-describedby="caption-attachment-9495" style="width: 600px" class="wp-caption aligncenter"><img loading="lazy" class="wp-image-9495 size-full" src="https://johnhenrique.on.fleek.co/wp-content/uploads/2022/01/cryptomotorcycle-corrida-de-moto-nft-1.png" alt="cryptomotorcycle corrida de moto nft jogos NFT baratos" width="600" height="414" srcset="https://johnhenrique.on.fleek.co/wp-content/uploads/2022/01/cryptomotorcycle-corrida-de-moto-nft-1.png 600w, https://johnhenrique.on.fleek.co/wp-content/uploads/2022/01/cryptomotorcycle-corrida-de-moto-nft-1-300x207.png 300w" sizes="(max-width: 600px) 100vw, 600px" /><figcaption id="caption-attachment-9495" class="wp-caption-text">cryptomotorcycle corrida de moto nft</figcaption></figure>
<p>Existem 2 formas de você conseguir uma moto:</p>
<ol>
<li>Comprar uma blind box</li>
<li>Comprar no marketplace</li>
</ol>
<p>A moda do jogo é a CMC, na cotação de hoje ela vale R$ 0,23 e você precisa comprar 150 tokens CMC para comprar a Blind Box econômica, ela permite comprar a moto mais barata de todas, algo em torno de R$ 40.</p>
<p>É importante lembrar que a moto mais barata, também é a mais ruim então, se você quiser ter a chance de pegar uma moto melhor, prefira comprar a blind box de 600 CMC, com ela você tem a oportunidade de aleatoriamente pegar uma moto comum, clássica, rara ou super rara.</p>
<p>Em todo caso, se você quiser garantir a compra de motos melhores, você pode ir no marketplace e comprar uma moto clássica por 500 CMC ou uma moto rara por 750 CMC.</p>
<p>Cada moto pode correr 4 vezes por dia e de acordo com a posição que sua moto ficar no final da corrida, você recebe uma quantidade de tokens CMC.</p>
<p>Tempo de jogo: 10 minutos por moto<br />
Site oficial do jogo <a href="https://cryptomotorcycle.me/" target="_blank" rel="nofollow noopener">https://cryptomotorcycle.me/</a></p>
<h4>Green Belli</h4>
<p>Você só precisa de um NFT, atualmente você pode comprar um no marketplace e o valor mínimo é de R$ 180. Atualmente você pode jogar no modo PVE, o modo de jogo é estilo Axie Infinity onde seus heróis lutam entre sí.</p>
<figure id="attachment_9494" aria-describedby="caption-attachment-9494" style="width: 600px" class="wp-caption aligncenter"><img loading="lazy" class="wp-image-9494 size-full" title="Green Belli, jogos NFT baratos" src="https://johnhenrique.on.fleek.co/wp-content/uploads/2022/01/green-beli-jogo-nft-barato-ate-500-reais.jpg" alt="green beli jogos NFT baratos ate 500 reais" width="600" height="300" srcset="https://johnhenrique.on.fleek.co/wp-content/uploads/2022/01/green-beli-jogo-nft-barato-ate-500-reais.jpg 600w, https://johnhenrique.on.fleek.co/wp-content/uploads/2022/01/green-beli-jogo-nft-barato-ate-500-reais-300x150.jpg 300w" sizes="(max-width: 600px) 100vw, 600px" /><figcaption id="caption-attachment-9494" class="wp-caption-text">Green Beli jogo nft barato ate 500 reais</figcaption></figure>
<p>A moeda do jogo é a GRBE, na cotação de hoje cada moeda vale R$ 0,19.</p>
<p>Cada NFT dentro do jogo é um herói que possui uma quantidade limitada de energia, cada herói pode batalhar 8 vezes por dia.</p>
<p>A cada 100.000 GRBE moedas acumuladas, você pode trocar por algo em torno de 70 dólares, cerca de R$ 380 Reais. Em média cada jogador demora cerca de 30 dias para acumular as 100.000 GRBE.</p>
<p>Tempo de jogo: 10 minutos por herói<br />
Site oficial do jogo <a href="https://greenbeli.io/" target="_blank" rel="nofollow noopener">https://greenbeli.io/</a></p>
<h4>Conclusão</h4>
<p>Você já conhecia estes jogos? Qual sua opinião sobe jogos NFTs?</p><p>The post <a href="https://johnhenrique.on.fleek.co/financas/5-jogos-nft-baratos-para-comecar-em-2022.html">5 Jogos NFT baratos para começar em 2022</a> first appeared on <a href="https://johnhenrique.on.fleek.co/">JOHN-HENRIQUE</a>.</p>]]></content:encoded>
					
					<wfw:commentRss>https://johnhenrique.on.fleek.co/financas/5-jogos-nft-baratos-para-comecar-em-2022.html/feed</wfw:commentRss>
			<slash:comments>0</slash:comments>
		
		
			</item>
		<item>
		<title>Como comprar MATIC: Passo a passo</title>
		<link>https://johnhenrique.on.fleek.co/financas/como-comprar-matic-passo-a-passo.html</link>
					<comments>https://johnhenrique.on.fleek.co/financas/como-comprar-matic-passo-a-passo.html#comments</comments>
		
		<dc:creator><![CDATA[John]]></dc:creator>
		<pubDate>Fri, 07 Jan 2022 07:06:55 +0000</pubDate>
				<category><![CDATA[Finanças]]></category>
		<category><![CDATA[Bridge]]></category>
		<category><![CDATA[Crypto]]></category>
		<category><![CDATA[Swap]]></category>
		<guid isPermaLink="false">https://johnhenrique.on.fleek.co/?p=9474</guid>

					<description><![CDATA[<p>Conheça 6 métodos para conseguir MATIC na sua carteira Metamask, além de descobrir como transferir MATIC da rede BSC Binance Smart Chain para a rede Polygon. Pré-requisito: Adicionar a rede Polygon na MetaMask Partindo do ponto que você já tem a metamask (https://metamask.io/) instalada e configurada no seu computador. Depois de instalar a MetaMask, configure&#8230; <a class="more-link" href="https://johnhenrique.on.fleek.co/financas/como-comprar-matic-passo-a-passo.html">Continuar lendo <span class="screen-reader-text">Como comprar MATIC: Passo a passo</span></a></p>
<p>The post <a href="https://johnhenrique.on.fleek.co/financas/como-comprar-matic-passo-a-passo.html">Como comprar MATIC: Passo a passo</a> first appeared on <a href="https://johnhenrique.on.fleek.co/">JOHN-HENRIQUE</a>.</p>]]></description>
										<content:encoded><![CDATA[<p>Conheça 6 métodos para conseguir MATIC na sua carteira Metamask, além de descobrir como transferir MATIC da rede BSC Binance Smart Chain para a rede Polygon.<span id="more-9474"></span></p>
<h3>Pré-requisito: Adicionar a rede Polygon na MetaMask</h3>
<p>Partindo do ponto que você já tem a metamask (<a href="http://https://metamask.io/" target="_blank" rel="nofollow noopener">https://metamask.io/</a>) instalada e configurada no seu computador. Depois de instalar a MetaMask, configure uma nova conta seguindo os prompts do MetaMask.</p>
<p>Em seguida, adicione a rede Polygon na MetaMask seguindo estas etapas:</p>
<p>1. Abra a MetaMask e clique no botão suspenso no topo que diz “Ethereum Mainnet”</p>
<figure id="attachment_9477" aria-describedby="caption-attachment-9477" style="width: 600px" class="wp-caption aligncenter"><img loading="lazy" class="size-full wp-image-9477" src="https://johnhenrique.on.fleek.co/wp-content/uploads/2022/01/metamask-adicionar-rede-MATIC-Polygon.png" alt="metamask adicionar rede MATIC Polygon" width="600" height="113" srcset="https://johnhenrique.on.fleek.co/wp-content/uploads/2022/01/metamask-adicionar-rede-MATIC-Polygon.png 600w, https://johnhenrique.on.fleek.co/wp-content/uploads/2022/01/metamask-adicionar-rede-MATIC-Polygon-300x57.png 300w" sizes="(max-width: 600px) 100vw, 600px" /><figcaption id="caption-attachment-9477" class="wp-caption-text">Selecionar rede Ethereum mainnet</figcaption></figure>
<p>2. Role até o final da lista e clique em &#8220;<strong>RPC personalizado</strong>&#8221;</p>
<p>3. Preencha os campos da seguinte forma:</p>
<p>&#8211; <strong>Nome da rede</strong>: Polygon<br />
&#8211; <strong>Novo URL RPC</strong>: https://polygon-rpc.com/<br />
&#8211; <strong>ID da chain</strong>: 137<br />
&#8211; <strong>Símbolo da moeda</strong>: MATIC<br />
&#8211; <strong>URL do block explorer</strong>: https://polygonscan.com/</p>
<p>4. Clique em &#8220;Salvar&#8221;</p>
<h3>Como conseguir MATIC na Polygon</h3>
<p>Dentro da rede Polygon você precisa ter a moeda MATIC para pagar as taxas das transações que você realizar. As taxas são realmente baratas, normalmente você paga algo entre 0,02 MATIC por transação, deste modo, com 1 ou 2 MATICs você consegue fazer entre 50 a 100 transações.</p>
<h3>Porque preciso ter MATIC na rede Polygon?</h3>
<p>Se você quiser comprar tokens dentro da blockchain da Polygon, você obrigatoriamente precisará de tokens MATIC para pagar as taxas, você pode usá-los para fazer staking e até mesmo para comprar NFTs, outros tokens e jogar. Conheça alguns <a title="O que são jogos NFTs, criptomoedas e blockchain?" href="https://johnhenrique.on.fleek.co/tecnologia/jogos-nfts-criptomoedas.html">jogos NFT</a>.</p>
<h4>Método 1: Comprar MATIC na Exchange</h4>
<p>É possível comprar MATIC diretamente na sua carteira Polygon de uma corretora compatível (Ascendex, MEXC, Okcoin, OKEx, BitForex), aqui no Brasil poucas pessoas utilizam estas corretoras e particularmente é trabalhoso fazer todo o cadastro, enviar documentos e aguardar a aprovação só para comprar alguns tokens.</p>
<h4>Método 2: Transak</h4>
<p>Você pode comprar MATIC no usando seu cartão de crédito no site da Transak, acesse https://global.transak.com/ e siga as instruções abaixo:</p>
<ol>
<li>Certifique-se de selecionar <strong>USDC</strong> na <strong>rede Polygon</strong> na caixa &#8220;Você recebe&#8221;</li>
<li>Converta seu USDC em MATIC usando o “Método 6: Trocar por gás” abaixo</li>
</ol>
<p>Nota: Atualmente, a Transak limita o tamanho máximo da transação a USD $500, no momento deste post, a compra usando Real Brasileiro está desativada.</p>
<h4>Método 3: MoonPay</h4>
<p>Se você tem Ethereum (ETH) na rede Ethereum, você pode convertê-las usando a MoonPay, acesse para https://www.moonpay.com/ e siga as instruções:</p>
<ol>
<li>Selecione &#8220;MATIC &#8211; Polygon (Polygon)&#8221; no campo &#8220;Moeda&#8221;</li>
<li>No campo &#8220;Valor&#8221; informe quantos Reais você quer comprar, o mínimo é R$ 200</li>
<li>Clique no botão continuar</li>
<li>Sua carteira metamask será aberta e você precisará assinar e autorizar</li>
<li>Você verá que o endereço da sua carteira foi adicionado ao campo &#8220;Endereço da carteira&#8221;, clique em &#8220;Continuar&#8221;</li>
<li>Informe seu email e clique em &#8220;Continuar&#8221;</li>
<li>Siga as instruções da tela</li>
</ol>
<h4>Método 4: Ponte de Ethereum (Ponte Polygon)</h4>
<ol>
<li>Mude para a rede “Ethereum Mainnet” clicando no botão suspenso no topo da MetaMask</li>
<li>Acesse https://wallet.polygon.technology/bridge</li>
<li>Conecte sua carteira MetaMask e assine a mensagem na MetaMask que confirma a propriedade de sua carteira</li>
<li>Em “Da rede Ethereum”, selecione qualquer token com valor em sua carteira e um valor de sua escolha</li>
<li>Clique em &#8216;Transferir&#8217; e siga as instruções</li>
<li>Confirme a transação na MetaMask (isso vai custar ETH adicional para pagar as taxas de gás/transação, que podem ser bastante caras)</li>
<li>Aguarde cerca de 8 minutos para que o saldo MATIC da rede Polygon seja atualizado</li>
<li>Converta qualquer token que você transferiu para MATIC usando o &#8220;Método 6: Trocar por gás&#8221; abaixo</li>
</ol>
<h4>Método 5: Transferência entre redes (bridge)</h4>
<p>Existem vários aplicativos de &#8220;ponte&#8221; que permitem a transferência de tokens de uma rede para outra, neste caso, vamos <strong>transferir MATIC da rede BSC para a rede Polygon</strong>, este processo é chamado de ponte porque os tokens podem atravessar de uma rede para outra.</p>
<p>O <a href="https://www.xpollinate.io/" target="_blank" rel="nofollow noopener">xPollinate</a> permite transferir tokens da BSC para a Polygon, além de outras blockchains como:</p>
<ul>
<li>Binance Smart Chain (BSC)</li>
<li>Fantom</li>
<li>Arbitrum</li>
<li>Avalanche</li>
<li>xDai</li>
</ul>
<p>Desta forma você pode transferir tokens de sua rede escolhida para o Polygon usando xPollinate.</p>
<p>É possível transferir USDT da rede BSC para MATIC usando o xPollinate, você pagará uma pequena taxa de 10% e a transação é realizada em poucos minutos. Siga as instruções:</p>
<figure id="attachment_9478" aria-describedby="caption-attachment-9478" style="width: 600px" class="wp-caption aligncenter"><img loading="lazy" class="size-full wp-image-9478" src="https://johnhenrique.on.fleek.co/wp-content/uploads/2022/01/polygon-transferir-USDT-da-BSC-para-Polygon.jpg" alt="polygon transferir USDT da BSC para Polygon" width="600" height="349" srcset="https://johnhenrique.on.fleek.co/wp-content/uploads/2022/01/polygon-transferir-USDT-da-BSC-para-Polygon.jpg 600w, https://johnhenrique.on.fleek.co/wp-content/uploads/2022/01/polygon-transferir-USDT-da-BSC-para-Polygon-300x175.jpg 300w" sizes="(max-width: 600px) 100vw, 600px" /><figcaption id="caption-attachment-9478" class="wp-caption-text">Você pode transferir tokens da rede BSC para Polygon usando a xPollinate</figcaption></figure>
<ol>
<li>Acesse o site xpollinate.io</li>
<li>No campo &#8220;From&#8221;, selecione &#8220;BSC&#8221; e no campo logo abaixo, escolha a moeda que deseja transferir (eu escolhi USDT)</li>
<li>Em &#8220;To&#8221;, escolha a rede &#8220;Polygon&#8221;</li>
<li>No campo &#8220;Amount&#8221;, informe quantos tokens deseja transferir</li>
<li>Por fim basta clicar em &#8220;Swap USDT&#8221; e seguir as instruções.</li>
</ol>
<p>Depois de fazer a transferência, você precisa acessar sua metamask e trocar a rede para &#8220;Polygon&#8221;, se você não conseguir ver o saldo USDT, você precisará adicionar o token na metamask. Resta agora comprar MATIC, certo? Veja como fazer no &#8220;Método 6&#8221;.</p>
<h4>Método 6: Swap for gas token</h4>
<p>Requisito: Você precisa ter um token com valor em sua carteira na rede Polygon. Se você seguiu o &#8220;Método 5: Transferência entre redes (bridge)&#8221;, você tem USDT na rede Polygon então, basta seguir os passos abaixo.</p>
<p>Se esta é a sua primeira vez na rede Polygon, você provavelmente não tem MATIC na carteira para pagar taxas das transações, sendo assim, este método é o mais indicado pra você <strong>comprar MATIC na rede Polygon</strong>.</p>
<ol>
<li>Mude para a rede “Polygon” na MetaMask (se ainda não o fez)</li>
<li>Acesse https://wallet.polygon.technology/gas-swap</li>
<li>Escolha a quantidade de MATIC que deseja comprar (clique em uma quantidade predefinida ou digite sua própria quantidade personalizada), por exemplo, 1 ou 2 MATICs</li>
<li>Em &#8220;Swap from&#8221;, escolha o token USDT, é ele que vamos converter parcialmente em MATIC.</li>
<li>Clique em &#8220;Approve&#8221; e assine a transação sem gás na MetaMask</li>
<li>Clique em &#8220;Swap&#8221; e assine a transação sem gás na MetaMask</li>
</ol>
<p>Aguarde o processo finalizar e pronto, sua metamask já vai mostrar seu saldo em MATIC e você já poderá realizar transações dentro da rede Polygon. Você poderá inclusive comprar mais MATICs se desejar.</p><p>The post <a href="https://johnhenrique.on.fleek.co/financas/como-comprar-matic-passo-a-passo.html">Como comprar MATIC: Passo a passo</a> first appeared on <a href="https://johnhenrique.on.fleek.co/">JOHN-HENRIQUE</a>.</p>]]></content:encoded>
					
					<wfw:commentRss>https://johnhenrique.on.fleek.co/financas/como-comprar-matic-passo-a-passo.html/feed</wfw:commentRss>
			<slash:comments>1</slash:comments>
		
		
			</item>
	</channel>
</rss>

<!--
Performance optimized by W3 Total Cache. Learn more: https://www.boldgrid.com/w3-total-cache/

Page Caching using disk: enhanced (Page is feed) 
Minified using disk
Database Caching 19/84 queries in 0.068 seconds using disk

Served from: johnhenrique.com.br @ 2022-08-22 03:13:50 by W3 Total Cache
-->