<?xml version="1.0" encoding="UTF-8"?><rss version="2.0"
	xmlns:content="http://purl.org/rss/1.0/modules/content/"
	xmlns:wfw="http://wellformedweb.org/CommentAPI/"
	xmlns:dc="http://purl.org/dc/elements/1.1/"
	xmlns:atom="http://www.w3.org/2005/Atom"
	xmlns:sy="http://purl.org/rss/1.0/modules/syndication/"
	xmlns:slash="http://purl.org/rss/1.0/modules/slash/"
	>

<channel>
	<title>Tablet | JOHN-HENRIQUE</title>
	<atom:link href="https://johnhenrique.on.fleek.co/tag/tablet/feed" rel="self" type="application/rss+xml" />
	<link>https://johnhenrique.on.fleek.co/</link>
	<description>Desenvolvendo web e móvel sem complicação</description>
	<lastBuildDate>Mon, 28 Jan 2019 10:52:45 +0000</lastBuildDate>
	<language>pt-BR</language>
	<sy:updatePeriod>
	hourly	</sy:updatePeriod>
	<sy:updateFrequency>
	1	</sy:updateFrequency>
	<generator>https://wordpress.org/?v=6.0.1</generator>

<image>
	<url>https://johnhenrique.on.fleek.co/wp-content/uploads/2020/10/cropped-logo-johnhenrique-icone-32x32.png</url>
	<title>Tablet | JOHN-HENRIQUE</title>
	<link>https://johnhenrique.on.fleek.co/</link>
	<width>32</width>
	<height>32</height>
</image> 
	<item>
		<title>Importação de bagagem acompanhada</title>
		<link>https://johnhenrique.on.fleek.co/livre/importacao-de-bagagem-acompanhada.html</link>
					<comments>https://johnhenrique.on.fleek.co/livre/importacao-de-bagagem-acompanhada.html#respond</comments>
		
		<dc:creator><![CDATA[John]]></dc:creator>
		<pubDate>Thu, 07 Feb 2019 10:15:04 +0000</pubDate>
				<category><![CDATA[Livre]]></category>
		<category><![CDATA[Câmera]]></category>
		<category><![CDATA[Importação]]></category>
		<category><![CDATA[Notebook]]></category>
		<category><![CDATA[Tablet]]></category>
		<guid isPermaLink="false">https://johnhenrique.on.fleek.co/?p=1036</guid>

					<description><![CDATA[<p>Importar produtos ficará mais fácil para quem está viajando para outros países, em 2012 a Receita Federal não irá exigir declaração de bagagem acompanhada para pessoas que queiram importar produtos dentro do limite de U$ 500 (Quinhentos dólares), a decisão tem como objetivo diminuir as filas e a demora no atendimento alfandegário dos aeroportos. Mas afinal o que é importar&#8230; <a class="more-link" href="https://johnhenrique.on.fleek.co/livre/importacao-de-bagagem-acompanhada.html">Continuar lendo <span class="screen-reader-text">Importação de bagagem acompanhada</span></a></p>
<p>The post <a href="https://johnhenrique.on.fleek.co/livre/importacao-de-bagagem-acompanhada.html">Importação de bagagem acompanhada</a> first appeared on <a href="https://johnhenrique.on.fleek.co/">JOHN-HENRIQUE</a>.</p>]]></description>
										<content:encoded><![CDATA[<p>Importar produtos ficará mais fácil para quem está viajando para outros países, em 2012 a <em>Receita Federal</em> não irá exigir declaração de <strong>bagagem acompanhada</strong> para pessoas que queiram importar produtos dentro do limite de U$ 500 (Quinhentos dólares), a decisão tem como objetivo diminuir as filas e a demora no atendimento alfandegário dos aeroportos. Mas afinal o que é <strong>importar bagagem acompanhada</strong>?<span id="more-1036"></span></p>
<p>O conteúdo desta página tem como objetivo explicar como realizar importação em viagem,ou seja, a pessoa que irá importar viaja para comprar e trazer pessoalmente seus produtos, para saber <a title="como importar produtos da China" href="https://johnhenrique.on.fleek.co/livre/como-importar-produtos-da-china.html">como importar produtos da China</a> veja a sessão <a href="https://johnhenrique.on.fleek.co/tag/importacao">Importação</a>.</p>
<h2><span id="Bagagem_acompanhada">Bagagem acompanhada</span></h2>
<p>A Receita Federal define bagagem acompanhada como bens que podem ser transportados pelo passageiro no mesmo meio de transporte que ele, ou seja, se você está viajando de avião e comprou um PlayStation 3, você poderá transporta-lo dentro da sua mala e seguir viagem normalmente, isto indica que o PlayStation 3 é uma bagagem acompanhada. Bens como o PlayStation estão isentos de declaração de bagagem acompanhada, desde que dentro das regras.</p>
<h2><span id="Regras_para_importao">Regras para importação</span></h2>
<p>Os bens precisam estar dentro dos limites</p>
<ol>
<li>O bem precisa ser de uso pessoal</li>
<li>O passageiro deve possuir apenas 1 exemplar do bem</li>
<li>O bem não pode estar em caixa lacrada</li>
<li>A soma de toda a bagagem acompanhada não deve exceder a cota de isenção</li>
</ol>
<h2><span id="Itens_isentos_de_impostos">Itens isentos de impostos</span></h2>
<figure id="attachment_1037" aria-describedby="caption-attachment-1037" style="width: 274px" class="wp-caption alignright"><img class="size-full wp-image-1037" src="https://johnhenrique.on.fleek.co/wp-content/uploads/2019/01/camera-digital-filmadoras-celular-e-notebook.jpg" alt="Importar bens de uso pessoal com isenção de imposto" width="274" height="184" /><figcaption id="caption-attachment-1037" class="wp-caption-text">Importar bens de uso pessoal com isenção de imposto</figcaption></figure>
<p><strong>Bens de uso pessoal</strong> estão isentos de taxa de importação, neste caso, os bens de uso pessoal não são somados ao valor permitido por passageiro, veja alguns itens isentos da taxa de importação:</p>
<ul>
<li>Celular e Smartphone</li>
<li>Câmera digital (não profissional)</li>
<li>Vídeo games</li>
<li>iPod, mp3 e mp4</li>
<li>Televisor e monitor</li>
</ul>
<h2><span id="O_que_so_bens_de_uso_pessoal">O que são bens de uso pessoal?</span></h2>
<p>Todos os produtos adquiridos para serem utilizados pela pessoa que o comprou é um item de uso pessoal, como exemplo, um celular. Para comprovar que você está trazendo um item para uso pessoal, você deve possuir apenas um exemplar do celular e é recomendado que o mesmo esteja fora da caixa. Um item dentro da caixa pode indicar que você deseja importa-lo com objetivo de vendê-lo a outra pessoa, neste caso, o agente alfandegário poderá somar o item a sua cota de importação e você precisará pagar Imposto de Importação.</p>
<p>Qualquer pessoa pode importar vários bens de uso pessoal, veja o exemplo de Maria e João:</p>
<blockquote><p>Maria está trazendo como bagagem acompanhada 1 monitor, 1 câmera digital compacta, 1 vídeo game e 1 celular.<br />
João está trazendo como bagagem acompanhada 1 câmera digital profissional, 1 vídeo game e 2 celulares.</p></blockquote>
<p>Maria não terá problemas para importar os bens de uso pessoal que comprou, ela possui 1 exemplar de cada bem, mas João, precisará declarar e <strong>pagar taxas de importação de 50% do valor</strong> para os itens câmera digital profissional e 2 celulares. No caso dos celulares João possui mais de 1 exemplar o que considera-se serem destinados a comércio e a câmera digital que ele adquiriu é um modelo profissional, logo, não será para uso pessoal e sim comercial (profissão).</p>
<h2><span id="No_so_bens_de_uso_pessoal">Não são bens de uso pessoal</span></h2>
<p>Alguns itens não são considerados de uso pessoal, devido ao uso ser diretamente ligado a uso profissional, são exemplos:</p>
<figure id="attachment_1038" aria-describedby="caption-attachment-1038" style="width: 357px" class="wp-caption alignright"><img loading="lazy" class="size-publisher-md wp-image-1038" src="https://johnhenrique.on.fleek.co/wp-content/uploads/2019/01/importar-celular-tablet-notebook-camera-digital-357x210.jpg" alt="Câmera digital profissional, filmadoras e notebooks não são de uso pessoal" width="357" height="210" /><figcaption id="caption-attachment-1038" class="wp-caption-text">Câmera digital profissional, filmadoras e notebooks não são de uso pessoal</figcaption></figure>
<ul>
<li>Câmera digital profissional</li>
<li>Filmadora</li>
<li>Notebooks</li>
<li>Tablets</li>
</ul>
<h2>Cota de importação</h2>
<p>Existem <strong>limites para importação</strong> que varia de acordo com o meio de transporte utilizado. Para transporte terrestre ou fluvial a cota é de U$ 300 (trezentos dólares americanos), em transporte aéreo ou marítimo a cota é um pouco maior U$ 500 (quinhentos dólares americanos). Caso o passageiro exceda a cota em ele pagará 50% de taxa de importação sobre o valor excedente, exemplo: A soma dos bens juntos totaliza U$ 400 e o transporte é aéreo, neste caso o excedente é de U$ 100, então, será adicionado 50% como taxa de importação, devendo o passageiro pagar U$ 50.</p>
<p>O pagamento pode ser realizado numa agência dos Correios ou Banco do Brasil e os bens só são liberados após a comprovação do pagamento das taxas.</p><p>The post <a href="https://johnhenrique.on.fleek.co/livre/importacao-de-bagagem-acompanhada.html">Importação de bagagem acompanhada</a> first appeared on <a href="https://johnhenrique.on.fleek.co/">JOHN-HENRIQUE</a>.</p>]]></content:encoded>
					
					<wfw:commentRss>https://johnhenrique.on.fleek.co/livre/importacao-de-bagagem-acompanhada.html/feed</wfw:commentRss>
			<slash:comments>0</slash:comments>
		
		
			</item>
	</channel>
</rss>

<!--
Performance optimized by W3 Total Cache. Learn more: https://www.boldgrid.com/w3-total-cache/

Page Caching using disk: enhanced (Page is feed) 
Minified using disk
Database Caching 1/57 queries in 0.031 seconds using disk

Served from: johnhenrique.com.br @ 2022-08-22 03:18:46 by W3 Total Cache
-->