<?xml version="1.0" encoding="UTF-8"?><rss version="2.0"
	xmlns:content="http://purl.org/rss/1.0/modules/content/"
	xmlns:wfw="http://wellformedweb.org/CommentAPI/"
	xmlns:dc="http://purl.org/dc/elements/1.1/"
	xmlns:atom="http://www.w3.org/2005/Atom"
	xmlns:sy="http://purl.org/rss/1.0/modules/syndication/"
	xmlns:slash="http://purl.org/rss/1.0/modules/slash/"
	>

<channel>
	<title>UAV | JOHN-HENRIQUE</title>
	<atom:link href="https://johnhenrique.on.fleek.co/tag/uav/feed" rel="self" type="application/rss+xml" />
	<link>https://johnhenrique.on.fleek.co/</link>
	<description>Desenvolvendo web e móvel sem complicação</description>
	<lastBuildDate>Thu, 02 Sep 2021 05:52:46 +0000</lastBuildDate>
	<language>pt-BR</language>
	<sy:updatePeriod>
	hourly	</sy:updatePeriod>
	<sy:updateFrequency>
	1	</sy:updateFrequency>
	<generator>https://wordpress.org/?v=6.0.1</generator>

<image>
	<url>https://johnhenrique.on.fleek.co/wp-content/uploads/2020/10/cropped-logo-johnhenrique-icone-32x32.png</url>
	<title>UAV | JOHN-HENRIQUE</title>
	<link>https://johnhenrique.on.fleek.co/</link>
	<width>32</width>
	<height>32</height>
</image> 
	<item>
		<title>Drones e UAVs</title>
		<link>https://johnhenrique.on.fleek.co/aeromodelismo/drones-e-uavs.html</link>
					<comments>https://johnhenrique.on.fleek.co/aeromodelismo/drones-e-uavs.html#respond</comments>
		
		<dc:creator><![CDATA[John]]></dc:creator>
		<pubDate>Sat, 14 Jan 2017 13:32:54 +0000</pubDate>
				<category><![CDATA[Aeromodelismo]]></category>
		<category><![CDATA[Drone]]></category>
		<category><![CDATA[UAV]]></category>
		<category><![CDATA[VANT]]></category>
		<guid isPermaLink="false">https://johnhenrique.on.fleek.co/?p=116</guid>

					<description><![CDATA[<p>Entre minhas várias atividades tenho também aquelas que pratico por hobby, entre elas estão o aeromodelismo e programação, neste post vou apresentar alguns destes hobbys. Drones Apesar deste termo ter se tornado uma identificação na verdade é um termo muito abrangente e que não define necessariamente do que se trata, drone poderia ser comparado com&#8230; <a class="more-link" href="https://johnhenrique.on.fleek.co/aeromodelismo/drones-e-uavs.html">Continuar lendo <span class="screen-reader-text">Drones e UAVs</span></a></p>
<p>The post <a href="https://johnhenrique.on.fleek.co/aeromodelismo/drones-e-uavs.html">Drones e UAVs</a> first appeared on <a href="https://johnhenrique.on.fleek.co/">JOHN-HENRIQUE</a>.</p>]]></description>
										<content:encoded><![CDATA[<p>Entre minhas várias atividades tenho também aquelas que pratico por hobby, entre elas estão o aeromodelismo e programação, neste post vou apresentar alguns destes hobbys.<span id="more-116"></span></p>
<h3>Drones</h3>
<p>Apesar deste termo ter se tornado uma identificação na verdade é um termo muito abrangente e que não define necessariamente do que se trata, drone poderia ser comparado com o termo &#8220;ser vivo&#8221;, não define exatamente que o que seria, poderia ser um vegetal, animal, inseto ou humano.</p>
<p>Na verdade a palavra drone vem do Inglês e é como uma gíria, seria zangão sua tradução, em referência ao barulho das hélices durante o vôo que lembram muito o barulho das asas das abelhas <img src="https://s.w.org/images/core/emoji/14.0.0/72x72/1f609.png" alt="😉" class="wp-smiley" style="height: 1em; max-height: 1em;" /></p>
<h3>Mas então, o que seria a definição correta?</h3>
<p>O correto seria VANT, que significa <strong>Veiculo Aéreo Não Tripulado</strong> originário  do termo em Inglês UAV (Unmanned Aerial Vehicle), inicialmente o VANTs eram veículos utilizados apenas pelos exércitos como forma de vigilância e posteriormente ataque. Você já deve ter visto algum filme mostrando VANTs como o MQ9 Reaper</p>
<figure id="attachment_9328" aria-describedby="caption-attachment-9328" style="width: 600px" class="wp-caption aligncenter"><img class="wp-image-9328 size-full" src="https://johnhenrique.on.fleek.co/wp-content/uploads/2017/01/MQ-9B-Sky-Guardian_General-Atomics-1.jpg" alt="vant mq9 reaper" width="600" height="343" srcset="https://johnhenrique.on.fleek.co/wp-content/uploads/2017/01/MQ-9B-Sky-Guardian_General-Atomics-1.jpg 600w, https://johnhenrique.on.fleek.co/wp-content/uploads/2017/01/MQ-9B-Sky-Guardian_General-Atomics-1-300x172.jpg 300w" sizes="(max-width: 600px) 100vw, 600px" /><figcaption id="caption-attachment-9328" class="wp-caption-text">vant mq9 reaper</figcaption></figure>
<p>Apesar de existirem vários tipos de VANTs o MQ9 é o mais conhecido por conta dos filmes e series exibi-lo frequentemente, enfim, com a mudança de mercado a facilidade de compras internacionais (importação) e o acesso a internet as pessoas começaram a desenvolver um gosto por criar ao invés de usar produtos, isto aconteceu primeiramente com os computadores, praticamente todo mundo escolhe quais as peças e as configurações que seu computador precisa ter e isso não foi diferente no aeromodelismo.</p>
<h3>Aeromodelismo, helimodelismo, automodelismo e nautimodelismo</h3>
<p>Estes termos definem a pratica de controlar pequenos modelos que se parecem com veículos reais, provavelmente você já teve algum carrinho de controle remoto e por alguma razão você teve a brilhante ideia de desmonta-lo pra ver o que tem dentro ou pra fazer sabe-se lá o que. Nisso você provavelmente danificou seu modelo, para a maioria das pessoas a brincadeira acaba aqui, mas para outras as peças quebradas de um DVD, som e até peças de computadores servem para criar outras coisas&#8230;</p>
<p>Com o que sobrou do carrinho podemos aproveitar o controle, receptor, motor e baterias para fazer um barco por exemplo e por alguma razão a criatividade começa a fluir e você quer criar mais, dai passa a comprar componentes eletrônicos e constrói aviões (ou tenta).</p>
<p>E foi aqui que a brincadeira ficou séria, já não era tão legal simplesmente construir um avião, desejava-se construir um avião igual os jatos e aviões utilizados em guerras. Deste ponto para os VANTs foi um passo e nada mais.</p>
<h3>Drones, VANTs e UAVs civis</h3>
<p>A facilidade de compra de componentes eletrônicos principalmente fabricados na China permitiu que pessoas como você e eu pudessem desenvolver pequenos projetos que deixavam de ser apenas aeromodelos, eles agora podiam transportar pequenos itens, estabilizar o voo, voar sozinhos por determinado percurso e até pousar.</p>
<p>Atualmente os VANTs são a moda do momento, todo mundo quer ter um embora não saiba pra que exatamente ele vai servir. No ramo comercial existem VANTs para fotografia, filmagem e existem projetos aplicados na pesca (sim pra pescar peixes), busca e salvamento, entrega (pequenos produtos e alimentos), controle de reservas, acompanhamento de obras da construção civil e claro hobby.</p>
<h3>Pequenas confusões e regulamentação</h3>
<p>No final das contas acabou-se criando uma preocupação enorme com a segurança de pessoas e empresas no que se refere aos VANTs, por conta do grande numero de modelos disponibilizados no mercado para prática recreativa, também aumentaram o número de acidentes envolvendo os pequenos veículos. Contudo tornou-se necessário regulamentar criando regras e leis que proíbem ou limitam o uso.</p>
<p>De um lado empresas fabricando e vendendo milhares de brinquedos voadores, do outro, praticantes de modelismo reclamando dos problemas causados pelos brinquedos. O problema é que as pessoas compravam e saiam voando em qualquer lugar sem se preocupar com a sua segurança e a segurança das outras pessoas, quando ocorria um acidente a culpa era dada aos praticantes de modelismo.</p>
<p>A regulamentação veio pra &#8220;tentar&#8221; solucionar isso, definindo limites para ambos. Nem tudo está definido mas de certa forma drone especifica um brinquedo para uso recreativo e VANT especifica um veiculo para uso profissional ou militar. Os drones podem ser utilizados por qualquer pessoa em áreas sem transito de pessoas ou veículos, os vôos não devem ultrapassar 120 metros de altitude. Já os VANTs precisam de autorização especifica e registro. O voo das 2 categorias deve levar em consideração que o controlador deve conseguir visualizar o modelo a olho nu e poder interferir no voo a qualquer momento. Qualquer coisa além disso está proibido em solo brasileiro.</p><p>The post <a href="https://johnhenrique.on.fleek.co/aeromodelismo/drones-e-uavs.html">Drones e UAVs</a> first appeared on <a href="https://johnhenrique.on.fleek.co/">JOHN-HENRIQUE</a>.</p>]]></content:encoded>
					
					<wfw:commentRss>https://johnhenrique.on.fleek.co/aeromodelismo/drones-e-uavs.html/feed</wfw:commentRss>
			<slash:comments>0</slash:comments>
		
		
			</item>
	</channel>
</rss>

<!--
Performance optimized by W3 Total Cache. Learn more: https://www.boldgrid.com/w3-total-cache/

Page Caching using disk: enhanced (Page is feed) 
Minified using disk
Database Caching 1/56 queries in 0.030 seconds using disk

Served from: johnhenrique.com.br @ 2022-08-22 03:19:47 by W3 Total Cache
-->